Age,Sex,BMI,Smoking,Diabetes,Hypertension,Family_History,Systolic_BP,Diastolic_BP,Heart_Rate,Total_Cholesterol,LDL,HDL,Triglycerides,Fasting_Blood_Sugar,Troponin_I,CK_MB,ST_Elevation,T_Inversion,LVH,Ejection_Fraction,Region_RWMA,LAD,LCX,RCA,Cath,CAD
63,1,30.1,1,1,1,0,140,90,89,239.5,171.7,47.6,257.8,150.4,0.058,3.2,0,1,1,67.3,None,1,1,1,1,1
57,0,21.4,1,0,0,0,102,70,48,210.9,126.5,63.2,189.8,103.2,0.073,9.64,0,1,0,58.1,Inferior,0,0,1,1,1
65,1,29.5,0,0,1,1,121,95,69,157.8,105.2,41.5,147.4,107.8,0.113,2.85,0,0,0,52.0,Inferior,0,0,1,1,1
74,1,18.5,0,0,0,0,113,89,48,208.4,113.7,33.1,193.3,70.0,0.115,3.05,0,0,0,59.5,None,0,0,0,0,0
56,1,30.7,1,0,0,1,117,68,64,169.3,109.1,38.1,145.2,83.3,0.098,6.67,1,0,0,56.0,Anterior,1,0,1,1,1
56,1,31.9,0,1,1,1,153,81,68,211.4,131.0,44.2,217.7,133.5,0.031,3.05,0,0,0,56.8,None,0,1,1,1,1
75,0,25.1,1,1,1,1,118,80,90,168.9,100.5,54.2,271.8,123.4,0.256,11.34,0,0,1,44.9,Anterior,1,0,1,1,1
66,0,28.4,1,0,1,1,131,112,78,206.2,116.2,29.3,60.0,103.6,0.19,7.13,0,1,0,65.5,Lateral,1,0,0,1,1
53,0,36.8,0,0,0,0,137,73,64,236.5,132.3,44.1,208.8,118.7,0.161,4.55,0,0,0,52.4,None,0,0,0,1,1
64,1,25.5,0,0,0,1,117,94,86,202.8,125.9,56.1,80.4,121.9,0.039,3.46,0,0,0,61.8,None,0,0,0,0,0
53,1,22.9,1,1,1,0,144,73,74,188.6,122.6,37.6,262.6,133.2,0.028,6.9,0,0,0,48.1,None,0,0,1,1,1
53,1,34.6,0,0,1,0,134,76,74,213.5,126.2,49.3,130.0,100.8,1.49,7.43,1,1,1,55.7,Apical,0,1,0,1,1
61,1,36.8,0,0,1,1,141,79,59,234.3,144.9,44.9,98.0,103.9,0.106,6.95,0,0,0,54.7,Inferior,1,1,1,1,1
38,1,27.8,0,0,0,0,118,69,62,158.5,94.5,49.6,203.2,107.4,0.054,4.61,0,0,0,63.9,None,1,0,0,1,1
40,1,32.5,0,0,0,0,132,75,64,215.9,131.0,31.9,185.0,77.4,0.023,3.19,0,0,0,65.3,None,0,0,0,0,0
52,1,34.0,1,0,1,0,112,78,74,260.3,153.2,31.9,110.0,131.4,0.043,4.97,0,0,0,62.5,None,0,0,0,0,0
47,1,24.4,1,0,1,0,131,77,74,229.1,137.7,40.2,96.1,113.5,0.147,4.39,0,0,0,57.1,Inferior,1,1,0,1,1
61,0,25.6,1,1,0,1,126,89,92,207.4,164.9,28.7,184.7,159.1,0.247,6.32,1,0,0,53.1,Anterior,1,1,0,1,1
48,0,33.5,0,1,1,0,145,98,78,231.9,143.8,41.3,128.8,164.1,0.162,7.35,0,1,0,59.2,Apical,0,0,0,1,1
43,0,35.6,0,1,1,0,160,95,48,224.0,144.1,46.5,136.6,150.7,0.026,2.65,0,0,1,59.4,None,0,0,0,0,0
73,0,30.4,0,0,0,1,115,83,77,236.7,148.6,61.8,171.4,74.5,1.458,4.79,1,0,0,31.5,Anterior,1,1,1,1,1
56,1,23.8,0,0,0,0,145,78,56,120.0,68.1,44.0,111.9,92.2,0.628,4.93,1,1,0,55.8,Inferior,1,0,0,1,1
59,0,36.9,0,0,0,0,111,73,62,139.8,103.3,50.3,188.5,70.0,0.379,6.06,0,0,0,56.2,Lateral,0,1,0,1,1
43,0,25.4,1,0,1,0,158,76,64,247.2,144.0,55.6,247.0,103.3,0.073,5.48,0,0,0,63.4,None,0,0,0,0,0
52,1,26.3,1,1,0,0,135,81,66,141.8,100.9,30.4,186.8,136.6,0.643,6.64,1,0,0,51.5,Inferior,1,0,0,1,1
59,1,29.4,0,0,0,0,107,66,57,221.9,128.1,38.3,172.2,94.2,0.028,3.49,0,0,0,63.8,None,0,0,0,0,0
46,0,34.9,0,0,1,1,141,76,76,190.2,99.7,68.3,276.0,119.1,0.072,5.77,0,1,0,49.4,Anterior,0,0,0,0,0
62,1,31.7,0,1,0,0,121,89,57,163.2,103.4,39.2,129.7,130.9,0.184,7.7,0,1,0,54.1,Septal,1,1,0,1,1
52,1,29.7,0,1,0,1,132,97,78,219.7,115.2,51.2,260.5,135.0,0.218,10.73,0,0,1,59.2,Septal,0,0,1,1,1
55,1,29.9,1,0,0,1,118,81,100,213.4,136.1,49.6,223.9,95.4,0.139,6.32,0,1,0,46.2,Inferior,0,0,0,0,0
52,1,28.0,0,0,0,1,117,89,58,293.6,158.2,25.2,212.0,70.0,0.085,2.66,0,0,0,70.0,None,0,1,0,1,1
77,1,30.4,1,0,1,0,158,83,70,178.8,102.5,43.1,236.0,89.7,0.549,4.24,0,0,0,62.5,Lateral,0,1,1,1,1
58,1,18.5,0,0,0,0,120,64,48,265.5,137.8,41.5,180.4,70.0,0.116,3.92,0,0,0,58.0,None,1,0,1,1,1
47,1,26.4,0,0,1,0,150,92,70,219.8,174.2,43.3,132.9,83.3,0.044,6.49,0,0,0,51.4,None,0,0,0,0,0
67,1,28.9,1,0,1,1,133,91,81,177.2,81.5,32.5,225.2,112.1,0.378,6.23,0,0,0,51.6,Inferior,1,0,1,1,1
45,0,22.5,0,1,0,0,148,78,82,238.6,143.3,32.8,257.3,148.9,0.018,4.43,0,0,0,52.7,None,0,0,0,0,0
60,1,29.6,0,0,0,0,111,75,74,228.8,154.4,35.2,225.8,83.1,0.076,4.57,1,1,0,61.5,Apical,0,0,0,0,0
37,1,26.9,0,0,0,0,112,87,84,206.5,139.4,39.0,167.4,95.8,0.329,6.73,0,0,0,70.0,Anterior,0,0,0,0,0
44,1,35.9,0,0,0,0,146,68,104,216.2,142.5,51.8,125.6,73.5,0.524,8.84,1,1,0,54.2,Anterior,1,0,0,1,1
60,0,35.0,1,0,1,0,129,78,94,179.9,103.2,62.2,175.5,95.0,0.108,10.37,0,0,0,62.5,Inferior,0,0,1,1,1
66,1,25.7,0,1,1,0,162,75,67,170.3,122.4,54.0,246.8,198.6,1.262,4.06,1,0,0,36.7,Lateral,1,1,1,1,1
60,1,27.1,1,0,0,0,136,78,56,236.9,155.8,48.6,221.3,131.9,0.195,9.14,1,1,0,54.7,Anterior,0,0,1,1,1
57,0,27.5,0,0,0,0,119,67,69,195.6,120.5,34.0,141.4,96.1,0.114,4.05,0,0,0,61.0,None,0,0,0,0,0
55,0,25.7,0,0,0,0,92,71,62,201.6,124.6,39.9,182.3,98.2,0.204,4.94,0,0,0,63.5,Lateral,0,0,0,0,0
42,1,28.7,1,1,1,1,136,78,79,216.8,125.5,42.1,123.0,120.4,0.019,9.82,0,0,0,46.0,None,0,0,1,1,1
50,0,24.3,0,0,0,0,123,75,59,216.1,116.0,37.7,219.2,79.0,0.039,3.02,0,1,0,54.5,None,0,0,0,1,1
53,1,22.6,0,1,0,0,140,63,73,145.0,105.6,45.8,151.9,147.2,0.568,3.15,0,0,0,63.7,Inferior,0,1,1,1,1
69,1,30.7,0,0,0,0,147,78,84,259.0,175.1,47.2,208.2,84.5,0.04,3.49,0,0,0,62.3,None,0,0,0,0,0
62,1,30.7,0,0,1,0,126,98,72,210.1,112.8,45.4,101.8,113.1,0.046,4.1,0,1,1,59.7,Apical,0,0,0,0,0
39,1,24.1,0,0,1,1,149,87,62,196.5,115.6,50.3,221.7,126.4,0.449,20.38,1,1,1,40.1,Inferior,0,0,1,1,1
61,0,31.9,1,1,0,0,134,93,88,223.1,131.7,35.0,212.7,146.7,0.06,4.8,1,1,0,70.0,Apical,1,0,0,1,1
54,1,24.9,0,1,0,1,139,91,51,214.9,128.5,49.3,152.0,142.0,0.05,3.29,0,0,0,51.8,None,0,1,0,1,1
51,1,29.0,0,0,1,1,144,93,70,237.2,143.3,33.0,203.0,70.0,0.054,6.19,0,0,0,55.5,Apical,0,0,0,0,0
64,0,31.6,1,0,0,1,90,78,73,227.6,150.8,34.6,132.5,110.0,0.027,2.63,0,0,0,53.8,None,0,0,0,0,0
69,0,27.6,0,0,1,0,134,86,74,235.1,129.9,49.3,206.2,72.1,0.025,4.62,0,0,0,56.0,None,0,0,0,0,0
68,1,29.9,1,0,0,0,103,85,76,261.7,144.3,52.2,149.9,86.6,0.094,4.69,0,0,0,56.1,None,1,0,1,1,1
49,1,25.4,0,0,1,1,133,82,81,242.1,163.8,44.9,70.3,114.2,0.232,7.06,0,1,0,65.6,Anterior,1,0,0,1,1
55,1,26.9,0,1,0,0,137,59,73,198.3,112.0,40.2,141.0,160.6,0.116,8.2,0,0,0,44.6,None,0,1,0,1,1
61,0,26.9,1,1,1,1,141,90,69,157.8,75.7,47.1,171.3,130.7,0.693,5.59,0,1,1,49.5,Anterior,1,0,1,1,1
68,0,24.4,0,0,1,1,155,74,69,275.0,157.7,45.4,240.3,86.8,0.033,4.79,1,0,0,69.2,None,1,0,0,1,1
53,0,27.0,1,0,1,1,142,76,66,195.0,112.0,32.7,214.6,81.0,0.02,6.37,0,0,0,59.8,None,0,0,0,0,0
56,1,20.7,0,1,1,0,116,86,83,185.1,134.4,27.6,284.3,116.0,0.776,13.71,0,0,0,50.6,Inferior,0,1,1,1,1
46,1,25.5,0,1,1,1,96,85,66,132.1,93.1,39.2,285.9,127.3,0.216,4.2,0,1,1,44.5,None,0,0,0,0,0
45,1,26.5,0,0,0,1,124,63,84,219.2,148.7,40.8,135.6,70.0,0.525,4.37,1,0,0,62.0,Lateral,1,1,0,1,1
67,1,26.6,0,0,1,1,133,87,74,211.3,139.1,40.1,154.6,108.7,0.046,24.73,1,1,1,61.2,Anterior,0,0,0,0,0
72,1,26.7,1,0,1,0,121,95,67,141.4,99.0,46.8,142.4,102.9,0.06,10.65,0,0,1,60.0,Septal,1,1,0,1,1
57,0,27.5,0,0,0,0,94,66,81,224.0,124.1,41.8,128.1,106.2,0.082,3.45,0,1,0,55.9,None,0,1,0,1,1
69,1,30.0,1,0,1,0,125,98,65,184.1,107.5,45.6,63.7,75.9,0.818,6.01,0,0,0,55.9,Apical,0,0,0,0,0
62,1,31.8,1,0,1,0,133,70,81,318.0,176.0,38.6,164.2,71.1,0.683,6.57,0,0,0,70.0,Anterior,1,1,0,1,1
51,0,24.8,0,0,1,0,147,107,76,181.1,105.5,62.2,94.3,96.1,0.183,12.53,1,0,0,66.6,Apical,0,0,0,0,0
62,1,22.3,0,0,0,1,125,73,66,186.7,122.3,40.8,163.1,96.3,0.036,2.5,0,0,0,51.7,None,0,0,0,0,0
74,0,23.0,1,0,0,0,147,79,80,168.3,103.0,67.4,281.4,92.1,0.105,8.33,0,1,0,32.6,Inferior,0,0,0,0,0
58,1,25.6,1,0,0,1,105,59,80,258.7,174.9,43.5,137.0,89.2,0.205,7.72,1,0,0,60.4,Lateral,1,0,1,1,1
74,1,26.2,0,1,0,0,136,77,87,189.3,96.5,37.9,205.7,174.2,0.032,3.67,0,0,0,53.4,None,0,0,0,0,0
30,1,24.3,0,1,0,0,122,80,85,174.6,112.3,31.0,244.9,148.5,0.485,5.25,0,0,0,43.3,Anterior,1,0,0,1,1
67,1,21.8,0,0,0,0,133,77,79,234.7,122.1,25.6,180.4,134.4,0.418,6.47,0,0,0,52.9,Lateral,0,1,0,1,1
59,0,25.7,1,0,0,0,115,72,60,147.0,89.6,34.1,181.1,120.4,0.267,3.19,0,0,0,55.9,Anterior,1,1,0,1,1
55,1,28.6,0,1,1,1,154,76,103,231.3,149.9,31.2,175.1,174.1,0.046,3.56,0,0,1,52.8,None,0,0,0,0,0
59,1,30.5,1,0,0,0,126,89,57,279.8,164.7,43.9,152.2,73.5,0.296,5.09,0,1,0,53.6,Inferior,1,0,1,1,1
37,1,25.2,0,0,0,0,111,78,85,228.8,145.5,34.7,112.2,106.9,0.019,3.83,0,0,0,68.3,None,0,0,1,1,1
56,1,25.9,0,0,0,0,121,93,79,231.8,124.7,41.9,211.5,86.4,0.281,14.45,1,1,0,59.2,Lateral,1,1,0,1,1
62,0,23.5,0,0,0,1,118,72,59,241.5,119.9,56.8,69.2,70.0,0.111,5.17,0,0,1,51.0,None,0,0,0,0,0
74,1,27.7,0,0,1,0,144,81,72,276.8,174.4,39.1,218.4,124.9,0.028,4.91,0,1,1,60.3,None,0,1,0,1,1
53,0,23.9,0,1,1,0,118,94,73,255.8,179.6,64.8,117.8,134.1,0.21,14.41,0,0,0,41.9,None,0,0,0,0,0
50,0,30.4,0,0,1,0,136,69,89,223.5,119.2,32.2,217.9,73.9,1.253,9.66,1,0,1,68.3,Inferior,0,0,0,0,0
53,1,19.6,0,0,0,0,128,65,65,243.0,164.1,38.5,145.5,86.7,0.163,7.32,0,0,0,65.9,Apical,0,0,1,1,1
68,0,26.1,0,1,1,0,137,96,70,167.8,101.3,38.6,127.2,124.1,0.039,3.38,0,0,0,58.1,None,0,0,1,1,1
61,1,29.2,0,0,0,1,143,66,48,237.6,122.5,49.4,196.9,81.1,0.02,2.63,0,0,0,56.7,None,0,0,0,0,0
52,1,28.6,1,0,0,0,134,59,94,162.8,80.7,20.0,216.1,90.6,0.383,5.01,1,0,0,54.0,None,0,0,0,0,0
63,1,40.2,0,0,0,0,121,96,61,189.6,114.0,25.6,140.9,129.6,0.354,4.63,0,0,0,58.7,Lateral,0,1,0,1,1
59,0,29.4,0,0,0,0,125,64,77,110.0,59.9,42.9,204.6,81.7,0.408,15.59,1,0,0,57.3,Anterior,0,0,0,0,0
68,0,23.2,0,0,0,0,126,79,72,221.9,113.4,59.5,60.0,128.2,0.029,2.57,0,0,0,47.8,None,0,0,0,0,0
51,1,27.4,1,0,0,0,128,78,72,178.0,81.4,42.3,92.4,112.0,0.36,13.57,1,0,0,53.6,Anterior,1,0,0,1,1
55,0,19.6,0,0,1,1,107,57,83,251.7,138.3,30.5,236.1,102.9,0.027,3.63,0,0,1,55.1,None,1,0,0,1,1
54,1,27.4,1,0,0,1,117,75,94,221.4,135.7,28.0,152.7,110.0,0.036,2.97,0,0,0,48.6,None,0,0,0,0,0
43,1,24.0,1,0,0,1,98,82,77,252.2,151.2,56.7,62.6,95.3,0.024,5.58,0,0,0,63.4,None,0,0,0,0,0
61,1,32.0,0,0,0,1,142,81,81,159.5,88.2,33.8,126.6,120.7,0.957,12.97,1,1,0,57.6,Lateral,0,0,1,1,1
61,0,25.3,0,0,1,0,136,95,77,248.6,152.2,34.6,114.2,106.3,0.064,8.3,0,1,0,55.5,Septal,0,0,0,0,0
58,1,27.3,1,0,0,0,118,74,86,293.4,191.6,54.8,155.9,70.0,0.175,3.56,0,0,1,49.1,Lateral,1,0,0,1,1
56,1,24.9,0,0,1,0,151,93,68,237.1,148.2,50.1,144.6,100.9,0.573,9.18,1,0,1,48.7,Anterior,1,1,0,1,1
43,1,35.8,0,1,1,0,143,79,86,238.2,141.1,52.7,204.8,155.7,0.061,6.12,1,0,0,67.5,Anterior,0,1,0,1,1
54,1,26.3,1,0,0,0,103,63,87,212.1,141.2,30.5,161.2,89.2,0.042,2.99,0,0,0,53.0,None,0,0,0,0,0
54,1,36.2,0,0,0,0,120,65,86,183.0,95.4,24.7,239.8,97.5,0.096,6.02,0,1,0,62.9,Inferior,0,0,0,0,0
50,1,31.5,1,1,0,1,116,63,66,237.0,138.8,41.3,218.4,127.7,0.136,11.46,1,0,0,53.3,Anterior,1,1,0,1,1
56,0,30.0,0,0,1,1,109,96,71,141.7,82.0,47.4,190.2,70.0,0.148,21.82,1,1,1,35.8,Septal,0,0,0,0,0
62,1,29.5,1,0,0,1,110,62,76,187.5,93.9,43.6,229.1,70.0,0.113,6.45,0,0,0,70.0,None,1,1,0,1,1
78,1,29.6,0,1,0,1,119,80,57,130.6,72.1,54.8,173.6,109.3,0.103,9.49,1,1,0,52.5,Lateral,1,0,0,1,1
60,1,18.9,0,1,0,0,120,75,93,175.4,74.1,22.7,125.6,153.4,0.43,8.45,1,0,0,45.9,Inferior,0,1,0,1,1
61,0,26.5,0,0,1,0,113,84,73,232.0,167.9,52.6,231.4,70.0,0.02,5.3,0,0,0,57.8,None,0,0,0,0,0
57,0,31.7,1,0,0,1,140,91,77,226.2,121.7,33.0,172.5,81.7,0.476,27.12,1,0,0,48.8,Inferior,1,0,1,1,1
38,1,27.6,0,0,0,0,120,73,67,207.1,148.1,48.6,172.7,79.7,0.303,14.83,1,0,0,70.0,Septal,0,1,0,1,1
58,0,21.3,0,1,1,0,137,92,58,212.2,127.9,39.3,160.2,134.4,1.759,6.99,1,1,0,44.7,Septal,1,0,0,1,1
59,1,27.6,0,0,1,0,143,86,66,125.8,84.0,31.9,131.1,70.0,0.37,8.7,0,0,0,53.8,Inferior,0,0,1,1,1
84,1,35.6,1,0,1,0,124,84,76,189.4,106.3,33.9,211.6,103.1,0.033,2.65,0,0,1,47.2,None,0,0,0,0,0
56,1,33.5,0,1,0,0,129,100,82,176.4,109.0,25.5,249.2,114.5,0.11,6.43,0,0,1,52.6,Septal,0,0,0,0,0
61,1,27.5,0,0,1,0,131,71,75,177.3,116.1,40.4,208.1,117.6,0.849,9.28,1,0,1,69.0,Inferior,1,0,0,1,1
58,1,32.2,0,1,1,0,122,98,78,230.2,148.1,32.3,238.6,127.6,0.026,3.22,0,0,1,66.3,None,0,0,1,1,1
46,0,26.1,0,0,0,1,131,84,69,168.9,113.0,51.9,196.3,93.1,0.038,5.61,0,0,0,54.8,None,0,0,0,1,1
70,0,20.0,0,0,1,0,160,81,79,179.6,102.2,50.4,172.2,95.1,0.178,3.68,0,0,0,56.0,None,0,0,0,0,0
66,0,23.5,0,0,0,0,133,94,91,117.3,63.2,60.9,155.4,99.9,0.033,2.6,0,1,0,53.7,None,0,0,0,0,0
66,1,35.0,1,1,1,0,151,67,82,192.6,91.6,43.7,261.6,140.7,0.118,3.77,1,0,1,39.1,Lateral,1,1,1,1,1
48,1,26.5,0,0,0,0,113,72,83,159.3,103.4,45.2,144.4,86.5,0.036,4.84,0,0,1,70.0,None,0,0,0,0,0
73,0,26.7,0,0,1,1,111,73,77,208.3,141.2,58.0,185.3,101.9,0.064,3.63,0,0,0,63.9,None,0,0,0,0,0
43,1,26.4,0,0,0,1,145,82,55,165.1,123.3,33.7,120.8,104.3,0.024,2.77,0,0,0,59.5,None,0,0,0,0,0
64,1,36.6,1,0,1,1,169,74,61,209.4,130.2,25.1,128.7,79.7,0.443,4.36,0,0,0,70.0,Anterior,1,0,0,1,1
81,1,35.3,1,1,0,0,146,82,79,198.9,107.8,42.0,182.0,148.5,0.057,6.37,0,1,0,56.7,None,1,0,0,1,1
48,0,38.0,1,0,1,0,131,84,73,275.2,139.7,29.8,120.8,118.8,0.031,4.11,0,0,0,58.7,None,0,0,0,0,0
52,1,27.1,0,0,1,0,118,81,79,225.9,151.2,64.5,208.9,109.1,0.089,4.46,0,0,1,60.6,None,0,0,0,0,0
59,1,29.2,0,1,0,0,104,81,94,127.7,50.0,54.6,120.9,158.6,0.234,10.47,0,0,0,64.1,Inferior,0,0,1,1,1
53,0,20.8,0,0,1,0,110,83,82,151.9,86.0,65.6,170.5,98.4,0.04,2.64,0,1,1,50.4,None,0,0,0,0,0
42,1,34.6,0,0,1,0,135,75,89,207.3,121.0,40.6,172.3,76.3,0.332,5.34,0,0,0,70.0,Anterior,0,0,0,0,0
59,1,22.4,0,0,0,0,147,106,75,165.9,98.5,45.5,65.4,78.8,0.054,3.21,0,0,0,56.2,None,0,0,0,1,1
47,1,28.8,1,1,0,1,119,73,64,110.0,66.5,35.4,170.7,146.4,0.05,2.72,0,0,0,64.2,None,0,0,0,0,0
63,1,22.8,1,0,1,0,141,63,73,261.7,159.1,48.8,179.1,113.9,0.046,2.84,0,0,1,58.0,None,1,0,0,1,1
48,0,25.1,1,0,0,1,144,69,64,235.2,104.9,31.8,188.6,150.7,0.024,4.78,0,0,0,60.7,None,0,1,0,1,1
74,1,23.9,0,0,0,0,115,65,92,226.9,136.4,20.0,153.8,114.6,0.103,2.76,0,0,0,52.7,None,0,0,0,0,0
50,1,25.0,1,0,0,0,154,86,83,179.5,74.3,32.1,202.2,71.6,0.027,3.06,0,1,0,53.7,None,0,0,0,0,0
55,0,25.3,0,0,0,1,153,81,80,223.0,144.8,29.4,159.0,79.7,0.159,6.69,1,1,0,55.8,None,0,0,0,0,0
67,0,25.3,0,0,0,1,119,81,88,175.4,96.9,58.8,165.8,140.6,0.344,3.28,0,0,0,64.0,Inferior,0,0,1,1,1
45,0,31.6,1,0,0,0,112,74,49,213.6,95.8,62.2,178.8,90.7,0.422,7.72,0,0,0,39.5,None,0,0,0,0,0
60,1,22.7,0,0,1,0,148,83,81,166.3,87.6,26.0,216.0,96.0,0.288,8.02,1,0,1,48.1,Septal,1,0,1,1,1
72,1,28.8,0,0,1,0,131,82,58,268.7,152.7,52.9,127.8,75.8,0.116,13.0,0,0,0,47.2,Lateral,1,0,0,1,1
41,0,33.4,0,1,0,0,103,77,73,139.1,101.3,53.5,168.2,171.3,0.167,2.79,0,1,0,43.4,Lateral,0,0,0,0,0
60,0,25.4,1,1,1,1,157,94,70,256.8,157.0,28.3,158.2,150.0,0.018,4.41,0,0,1,64.1,None,1,0,0,1,1
61,1,24.5,1,1,1,1,156,89,81,206.6,129.1,36.1,176.7,124.5,0.137,4.33,0,1,1,62.1,Lateral,0,1,0,1,1
66,1,26.7,0,0,1,0,139,91,76,184.4,128.4,34.2,243.4,75.1,0.021,4.38,0,0,0,57.7,None,0,0,1,1,1
45,1,33.2,1,0,0,0,101,82,90,212.0,125.8,47.5,196.5,101.1,0.09,2.89,0,0,0,52.9,None,1,0,0,1,1
44,0,28.7,0,0,0,0,102,86,66,235.8,152.8,31.7,102.8,95.9,0.07,4.94,0,0,0,68.7,None,0,0,0,0,0
63,1,25.4,0,1,1,0,138,88,82,262.4,167.7,39.0,162.0,156.6,1.622,13.73,0,0,0,39.3,Septal,1,0,0,1,1
61,1,30.0,1,1,1,1,129,89,75,218.2,111.6,33.1,215.5,150.9,0.081,3.91,0,0,0,69.1,None,0,0,1,1,1
61,1,22.7,1,1,1,1,131,97,54,167.6,122.7,44.7,145.1,134.7,0.451,3.63,1,0,0,46.5,Septal,1,0,1,1,1
62,0,30.9,1,0,1,0,153,79,62,207.3,103.1,41.8,125.1,84.1,0.437,9.51,1,1,1,55.9,None,1,0,1,1,1
51,0,29.7,0,0,0,0,133,69,72,281.3,182.5,38.6,239.0,91.8,0.209,7.24,1,0,0,54.6,Septal,0,0,1,1,1
60,1,26.4,1,0,0,0,144,66,87,261.6,134.2,37.9,131.3,84.0,0.231,4.25,0,1,0,49.4,Septal,1,0,0,1,1
61,0,23.9,0,0,0,0,106,79,79,243.2,154.9,64.4,217.5,92.4,0.052,4.04,1,1,0,70.0,Septal,1,1,0,1,1
50,0,23.7,1,0,0,1,116,59,59,238.4,171.0,39.8,234.0,95.3,0.22,5.19,0,1,0,64.3,Anterior,1,0,0,1,1
78,1,30.3,0,1,1,0,149,90,72,234.4,137.4,29.6,154.7,122.0,1.346,5.16,1,1,1,56.7,Septal,1,0,1,1,1
63,1,33.5,1,0,0,0,129,76,98,253.7,148.4,45.8,116.1,107.6,0.356,6.54,0,0,1,48.2,Apical,0,0,0,0,0
45,1,24.9,0,0,0,0,146,89,75,185.8,120.6,38.6,149.8,87.6,0.042,3.94,0,0,0,59.4,None,0,0,0,0,0
65,0,29.9,0,0,1,1,143,79,70,148.1,83.9,29.8,105.1,78.2,0.016,3.54,0,0,0,62.2,None,0,0,0,1,1
48,1,18.5,0,1,0,0,151,75,79,207.9,152.0,62.3,201.7,133.0,0.498,4.42,0,0,0,54.2,Inferior,0,0,0,0,0
66,0,25.1,0,0,1,1,145,97,83,170.7,105.3,40.5,153.7,99.8,0.108,8.06,0,0,0,43.7,None,0,0,0,0,0
70,0,27.7,0,0,1,1,153,99,68,160.7,91.6,40.2,184.8,96.7,0.288,4.37,0,0,1,61.6,Lateral,0,0,0,0,0
49,1,23.6,1,1,1,1,131,79,80,174.7,96.7,41.6,271.8,148.4,0.021,3.94,0,1,0,53.0,None,1,1,1,1,1
68,0,23.5,0,0,0,0,122,79,70,309.4,171.6,61.3,210.0,113.0,0.447,4.74,0,0,0,45.4,Anterior,1,0,0,1,1
62,1,24.7,1,0,0,0,136,80,82,210.7,117.0,23.2,191.9,121.1,0.041,6.03,0,0,0,43.2,None,0,0,0,1,1
67,1,29.1,0,0,0,0,147,81,76,220.2,126.9,42.8,60.0,100.7,0.063,2.54,0,0,0,57.9,None,1,0,0,1,1
78,0,26.9,0,0,0,0,133,75,79,153.7,84.9,64.9,189.4,73.6,0.021,3.72,0,0,0,70.0,None,0,0,0,0,0
55,0,18.5,0,1,0,0,120,90,64,127.6,66.7,45.3,289.7,134.6,0.094,3.36,0,0,0,43.9,Lateral,0,0,0,0,0
50,1,18.5,0,1,1,0,159,67,64,170.6,133.8,27.6,60.0,119.9,0.035,3.89,0,0,1,53.4,None,0,1,1,1,1
49,0,25.0,0,0,0,0,90,73,85,265.4,143.8,37.8,202.9,128.9,0.167,4.16,0,1,1,66.9,Lateral,0,1,0,1,1
49,0,29.9,0,0,1,1,114,90,73,219.0,133.6,46.1,156.2,134.7,0.329,12.36,0,0,1,47.8,Lateral,0,1,0,1,1
57,1,18.5,0,0,0,0,132,82,77,230.1,146.9,53.3,118.3,108.0,0.073,2.98,0,0,0,54.2,Anterior,0,0,0,0,0
62,0,25.5,0,0,1,0,137,99,70,236.0,151.1,40.6,209.1,112.2,0.037,3.28,0,0,1,51.1,None,1,0,0,1,1
61,1,25.4,0,0,1,1,146,97,84,180.2,107.2,48.3,259.0,100.0,0.035,5.17,0,0,0,65.9,None,0,0,0,0,0
67,1,34.2,0,0,0,1,123,75,66,263.3,154.4,25.6,207.6,102.3,0.162,3.54,0,1,0,63.6,Anterior,1,0,0,1,1
58,1,26.0,0,0,0,1,131,90,72,178.4,113.8,25.6,144.6,70.0,0.148,2.58,0,0,1,59.3,None,0,0,0,0,0
73,0,29.6,1,1,1,1,123,78,83,264.1,162.5,39.2,143.1,138.5,0.089,11.32,0,0,0,40.3,Anterior,1,0,0,1,1
55,0,28.4,1,0,1,1,146,95,88,223.6,130.3,58.4,173.0,77.4,0.155,10.52,0,0,1,54.5,Apical,0,1,0,1,1
85,1,18.5,1,0,1,0,152,104,67,129.9,54.5,40.7,213.0,100.6,0.05,2.6,0,1,1,48.0,None,0,0,0,0,0
65,1,31.3,0,0,0,0,141,90,97,173.6,97.1,42.9,143.7,93.8,0.082,29.23,1,0,0,50.2,Anterior,1,0,0,1,1
49,1,28.8,1,1,0,0,154,79,77,130.0,60.8,42.8,179.0,178.9,0.12,6.01,0,0,0,51.2,Apical,1,1,0,1,1
47,1,30.1,1,0,1,0,140,82,61,253.9,142.3,51.1,320.2,113.3,0.138,3.19,0,0,0,62.6,Septal,1,0,0,1,1
63,0,45.0,1,0,1,0,141,70,78,204.0,122.9,37.9,224.3,100.7,0.51,3.67,1,1,1,61.9,Lateral,1,1,1,1,1
56,0,18.5,0,0,0,0,97,81,69,111.4,72.2,50.9,228.3,89.7,0.183,7.8,0,1,0,57.9,Lateral,0,0,0,0,0
65,1,35.7,1,1,1,0,128,74,79,220.8,159.2,31.7,114.7,173.5,0.558,6.26,1,0,0,52.5,None,1,0,0,1,1
63,0,26.5,1,0,0,0,118,70,73,182.4,101.4,63.8,126.1,94.4,0.048,7.72,0,1,0,57.3,Septal,0,0,0,0,0
57,1,29.1,0,1,0,0,138,66,74,142.7,97.2,32.0,199.1,146.6,0.063,4.47,1,0,0,41.6,Septal,1,0,0,1,1
49,0,27.6,1,1,0,1,112,73,63,275.5,169.9,35.2,139.9,140.8,0.262,12.99,0,0,0,53.3,Anterior,0,0,0,0,0
42,0,25.8,0,1,0,0,134,77,85,209.5,145.1,49.5,283.0,131.9,0.054,7.92,0,0,0,47.3,None,0,0,0,0,0
53,0,25.2,0,0,1,1,136,88,60,192.7,124.3,44.8,242.6,95.7,0.36,6.85,1,1,1,47.2,None,1,0,0,1,1
67,1,29.3,0,0,0,0,119,71,60,188.2,97.8,43.3,135.7,70.0,0.195,3.93,1,0,0,56.0,None,1,0,1,1,1
60,0,20.8,1,0,0,1,125,88,78,141.4,59.0,46.3,263.1,70.0,0.023,4.55,0,0,0,53.1,None,0,0,1,1,1
45,1,31.3,0,1,1,1,130,83,93,150.2,94.8,29.1,194.8,147.0,0.213,7.71,1,0,0,53.8,Inferior,1,1,0,1,1
60,1,25.9,0,0,1,0,130,78,69,259.0,147.5,56.1,307.4,126.4,0.159,4.87,0,1,1,64.8,Anterior,1,0,0,1,1
62,1,22.6,0,0,1,1,109,88,82,185.1,96.4,48.9,173.0,102.0,0.253,23.61,1,0,0,50.4,Anterior,1,0,0,1,1
49,1,25.7,0,0,1,0,133,105,86,205.9,104.5,53.6,196.7,80.6,0.055,3.35,0,0,0,58.7,None,1,0,0,1,1
60,1,33.6,0,0,0,1,114,81,83,119.1,73.9,34.7,242.0,70.0,0.061,3.7,0,0,0,43.5,Lateral,0,0,1,1,1
59,0,25.3,1,0,1,1,128,82,70,149.6,112.4,48.2,235.3,110.7,0.037,5.23,0,0,0,70.0,None,0,0,0,0,0
46,0,29.4,1,0,1,1,143,70,60,230.6,132.2,46.0,193.1,83.7,0.051,3.87,0,0,1,47.1,None,0,0,0,0,0
62,1,24.4,0,0,1,0,147,83,48,220.9,141.4,51.3,157.2,107.9,0.31,2.82,0,0,1,53.9,Inferior,0,0,0,0,0
64,0,31.3,0,1,0,0,125,80,70,278.6,165.6,55.6,223.3,147.8,0.047,2.55,0,1,0,62.7,None,0,1,0,1,1
69,1,31.0,0,0,0,1,137,74,88,261.4,137.5,41.9,120.1,104.6,0.129,3.02,0,0,0,51.1,None,0,0,0,0,0
69,0,36.3,1,0,1,0,146,69,60,195.3,128.2,28.8,173.4,95.7,0.11,8.54,0,0,1,43.4,None,1,0,0,1,1
44,0,27.0,0,0,0,0,117,69,82,224.9,118.5,61.8,104.0,102.7,0.132,9.47,0,0,0,63.7,Lateral,0,0,0,0,0
48,1,30.9,0,0,1,0,129,100,62,191.7,115.3,45.6,67.1,92.6,0.085,4.38,1,0,0,63.5,Inferior,1,0,1,1,1
63,0,28.3,0,1,1,1,142,100,75,291.3,169.7,37.9,197.8,127.3,0.025,5.21,0,0,0,46.9,None,0,1,1,1,1
63,1,33.8,1,0,1,0,146,77,82,253.3,165.4,44.1,234.4,75.7,0.032,3.37,0,0,0,53.8,None,0,1,1,1,1
63,1,24.5,1,0,1,0,159,92,66,212.1,111.4,24.9,215.9,70.0,0.1,6.51,0,0,0,54.5,Inferior,1,0,1,1,1
85,0,31.2,1,0,1,0,156,74,76,213.4,133.9,54.6,160.5,91.4,0.295,9.21,0,1,0,51.3,Septal,1,1,1,1,1
64,1,26.9,1,1,0,1,113,92,69,265.7,146.8,25.3,291.1,170.4,0.672,11.64,0,0,0,36.9,Inferior,0,0,1,1,1
70,1,27.5,0,0,0,0,120,80,82,229.3,129.9,37.8,133.7,109.6,0.051,3.62,0,1,0,51.5,Lateral,0,0,0,0,0
68,1,28.2,0,1,1,0,147,95,76,270.5,107.8,42.4,89.5,144.6,0.043,6.44,0,0,1,61.3,Anterior,0,1,0,1,1
65,0,29.0,0,0,0,0,139,60,74,112.9,99.1,54.4,60.0,80.3,0.459,19.87,1,0,1,50.8,Inferior,1,0,0,1,1
55,1,27.3,0,0,0,1,137,84,92,224.4,142.9,41.1,100.0,114.9,0.281,3.37,0,0,1,53.3,Septal,1,1,1,1,1
66,1,28.8,0,0,0,1,120,77,81,183.4,98.5,46.3,209.9,92.6,1.814,38.9,1,1,0,43.5,Lateral,1,0,1,1,1
50,0,35.1,0,1,1,1,116,94,65,278.8,150.4,43.7,160.1,171.5,0.029,7.62,0,1,0,56.9,Septal,1,1,0,1,1
56,0,32.3,0,0,0,0,106,87,72,269.9,154.5,43.7,190.4,75.4,0.143,6.91,0,0,0,67.6,Anterior,0,0,0,0,0
53,1,31.8,1,1,1,1,141,86,73,206.4,134.6,40.9,285.5,125.0,0.254,6.47,0,0,1,61.4,Septal,0,0,0,0,0
59,1,25.7,0,0,0,0,127,71,74,269.5,133.3,38.1,104.5,78.1,0.393,7.12,0,1,0,48.0,Inferior,1,0,1,1,1
82,1,23.7,1,0,0,0,104,85,104,279.9,165.8,23.1,191.3,70.0,0.033,6.55,0,0,0,57.0,Septal,1,0,0,1,1
38,1,32.2,1,0,1,0,137,85,78,208.1,151.4,32.3,194.6,76.3,0.323,5.65,1,0,0,69.5,None,1,0,0,1,1
65,1,31.8,0,1,0,0,132,69,49,308.8,168.3,42.4,147.7,142.1,0.08,5.1,0,1,0,56.1,Inferior,0,0,0,1,1
41,0,34.6,1,0,1,1,118,76,67,203.7,123.4,41.5,239.5,80.8,0.036,6.54,0,1,1,61.8,Lateral,1,0,0,1,1
53,0,25.0,0,1,1,0,154,71,50,196.0,150.6,42.4,179.2,70.0,0.036,2.61,0,1,1,48.2,None,0,0,0,0,0
69,0,26.7,1,1,1,0,130,80,70,241.4,154.3,40.8,173.9,161.5,0.045,7.1,0,1,1,48.8,Inferior,1,0,0,1,1
59,1,20.3,0,1,0,0,142,89,50,190.1,115.9,31.4,311.1,106.3,0.246,8.76,0,0,0,61.9,Lateral,0,1,0,1,1
47,0,26.0,1,0,1,0,128,87,63,208.6,132.8,39.1,193.8,106.8,0.028,3.15,0,0,0,60.6,None,0,0,0,0,0
50,1,32.4,0,0,1,0,120,80,55,264.2,152.5,36.9,215.9,95.6,0.02,4.06,0,1,1,48.0,None,0,0,0,0,0
65,0,25.7,0,1,1,0,129,94,78,205.8,143.0,44.1,269.5,182.3,0.253,2.95,1,1,0,48.4,Anterior,1,1,0,1,1
50,0,30.7,1,0,0,0,120,69,74,133.8,74.3,47.9,129.2,114.9,0.032,5.75,0,1,0,67.7,Anterior,0,0,0,0,0
60,1,26.9,0,0,1,0,130,86,77,220.4,102.9,38.2,233.7,84.9,0.135,3.07,0,1,0,60.6,None,0,0,0,0,0
58,0,29.3,1,0,1,1,133,84,72,175.8,99.6,33.7,137.4,81.0,0.084,4.89,0,0,1,59.0,None,0,0,0,0,0
51,1,22.5,1,0,1,1,142,93,57,241.3,130.3,26.0,135.0,125.1,0.022,2.85,0,0,1,53.6,None,0,0,0,0,0
81,0,28.2,1,0,0,0,119,62,80,234.2,136.3,70.0,150.0,70.0,0.036,3.74,0,0,0,62.5,None,0,0,0,0,0
65,1,18.5,1,0,0,1,120,69,97,266.8,156.2,28.7,130.8,98.8,0.043,2.84,0,0,0,70.0,None,0,1,0,1,1
37,1,26.9,1,0,0,1,94,61,78,243.1,163.8,34.8,210.2,92.4,0.187,4.33,0,0,0,68.1,Inferior,0,0,0,0,0
60,0,20.3,0,0,0,1,128,75,68,250.8,160.9,49.2,179.7,88.1,0.148,6.0,1,1,0,69.5,Anterior,1,0,0,1,1
51,1,33.3,1,0,0,0,120,90,56,176.9,110.1,43.6,138.0,102.1,0.202,4.62,0,0,0,55.1,Lateral,1,0,0,1,1
67,0,31.4,1,0,0,0,147,72,63,238.8,143.2,49.2,202.1,98.8,0.016,3.62,0,0,0,49.0,None,0,0,0,0,0
50,1,29.9,1,0,1,1,121,80,79,287.7,156.7,35.6,149.9,104.1,0.302,4.42,0,0,0,56.7,Anterior,0,0,0,0,0
57,0,34.8,0,0,0,0,93,86,86,176.1,72.9,46.4,147.0,97.8,0.08,2.87,0,0,0,58.3,None,0,0,1,1,1
63,0,23.4,1,0,1,0,146,96,77,280.6,170.1,44.6,167.7,103.4,0.072,5.72,0,0,1,69.4,Lateral,1,0,1,1,1
67,1,35.8,1,0,0,0,127,77,83,181.9,121.1,36.9,190.5,96.9,0.185,4.66,0,1,0,62.3,Inferior,1,0,1,1,1
45,1,32.1,1,0,0,0,105,84,82,169.2,99.9,42.5,186.4,81.8,0.507,6.26,1,0,0,62.3,Septal,1,1,1,1,1
54,1,26.7,0,1,0,1,97,67,80,217.4,122.4,50.6,175.0,140.1,0.031,13.72,0,0,0,40.6,None,0,0,0,0,0
53,1,33.0,0,0,0,0,146,91,66,235.1,148.0,39.8,211.6,80.7,0.628,8.0,0,0,0,44.5,Inferior,0,0,1,1,1
51,1,22.7,0,1,1,0,159,107,76,243.3,144.7,39.8,182.8,124.4,0.131,4.89,0,1,0,53.9,Anterior,1,0,1,1,1
77,0,24.0,1,0,1,0,97,91,63,164.6,124.0,54.7,129.0,88.3,0.132,5.44,0,0,0,60.0,Lateral,1,1,0,1,1
62,0,25.0,1,0,0,0,114,57,74,223.3,152.5,53.6,84.3,92.6,1.086,6.34,1,1,0,57.4,Anterior,1,0,0,1,1
45,0,25.4,0,0,0,0,148,72,77,176.2,120.1,59.8,219.1,95.7,0.358,12.94,1,0,0,70.0,Anterior,0,0,0,0,0
68,0,22.9,0,0,0,0,114,84,94,142.5,96.9,26.4,165.7,113.3,0.147,10.3,0,0,0,44.3,None,0,0,0,0,0
80,0,33.4,0,0,1,1,129,81,58,166.0,80.2,53.1,176.6,85.0,0.033,3.93,1,0,1,43.3,Inferior,0,1,1,1,1
69,0,26.6,0,0,1,0,132,98,79,173.5,114.0,50.0,222.5,98.9,0.019,2.92,0,0,1,47.7,None,0,0,0,0,0
42,1,29.4,1,0,0,1,104,83,91,226.9,141.8,31.1,138.7,97.4,0.036,4.2,0,0,0,52.4,None,0,0,0,0,0
53,0,25.2,1,0,1,0,109,78,83,253.4,161.1,46.5,89.4,82.8,0.027,3.92,0,0,0,62.2,None,0,1,0,1,1
71,0,19.4,0,0,1,0,153,86,83,143.1,93.2,54.5,168.8,96.5,0.101,4.59,0,1,0,49.6,Apical,0,0,0,0,0
51,1,29.0,0,1,0,0,92,69,81,219.8,138.7,31.7,211.9,160.1,0.462,9.23,0,0,0,39.6,None,0,0,0,0,0
63,1,19.0,0,0,0,0,125,76,89,155.6,133.9,44.4,150.5,98.7,0.146,4.84,0,0,0,65.1,Septal,1,0,0,1,1
66,1,27.5,1,0,1,1,151,80,60,231.4,137.7,48.7,246.1,99.5,0.456,14.86,1,0,1,38.9,Apical,1,0,1,1,1
48,1,21.5,0,0,1,1,113,97,57,178.8,121.3,29.3,60.0,80.9,0.186,3.63,0,0,0,49.4,Septal,0,0,1,1,1
57,0,36.9,0,0,1,0,122,107,73,160.8,89.4,42.6,226.6,134.4,0.331,16.54,1,0,0,45.0,Septal,0,0,1,1,1
30,1,32.0,0,1,1,0,156,71,48,238.6,155.0,43.0,238.5,127.0,0.144,5.13,0,1,1,53.7,Septal,1,0,0,1,1
47,1,28.3,1,0,0,1,130,58,88,180.3,122.3,32.0,190.1,70.0,0.026,3.49,0,0,0,59.5,None,0,0,0,0,0
55,0,33.6,1,0,1,0,127,83,88,191.7,120.5,35.2,60.0,112.2,0.029,3.23,0,0,0,70.0,None,0,0,1,1,1
45,1,23.9,1,1,1,0,156,70,68,111.8,92.1,38.6,265.6,137.7,0.253,11.18,1,0,0,59.3,Inferior,0,0,0,0,0
75,1,30.3,0,0,0,1,141,78,69,244.8,133.6,48.0,108.5,88.9,0.212,4.99,0,0,0,64.5,Anterior,1,1,1,1,1
43,1,28.7,0,0,1,0,141,93,73,239.5,136.4,46.4,137.1,84.1,0.068,4.36,0,0,0,60.3,None,0,0,0,0,0
53,0,29.0,0,1,1,1,122,100,74,205.2,126.3,35.4,185.6,177.4,0.064,5.31,0,0,1,44.2,Inferior,0,0,0,0,0
59,0,33.7,1,0,0,0,115,80,75,140.8,97.7,50.5,187.4,102.1,0.663,8.93,1,0,0,59.0,Anterior,1,0,0,1,1
73,1,31.2,0,0,0,1,126,76,80,255.8,156.2,31.6,200.2,106.0,0.197,3.82,0,0,0,57.7,Septal,0,0,0,0,0
43,0,29.1,0,0,0,0,118,58,71,177.0,125.5,27.9,214.1,98.3,0.267,3.04,0,1,0,63.6,Inferior,0,0,0,0,0
70,1,20.2,1,0,1,0,152,86,85,186.0,101.7,36.3,209.9,100.4,0.581,6.4,1,1,0,49.2,Anterior,0,0,0,0,0
58,0,23.4,1,0,0,0,97,78,79,302.1,164.2,55.2,178.9,123.0,0.389,3.55,0,0,0,61.9,Anterior,1,0,0,1,1
48,0,27.2,0,1,1,0,113,92,66,175.4,109.9,50.6,217.9,135.0,0.205,6.21,0,1,0,44.5,Anterior,1,0,1,1,1
63,0,28.2,0,0,1,0,139,78,90,236.2,140.6,44.0,105.0,70.0,0.685,6.55,1,1,0,49.7,Apical,1,0,1,1,1
60,1,22.6,0,1,0,0,114,73,57,228.6,145.3,35.8,153.7,157.4,0.073,9.43,0,0,0,43.1,None,0,0,0,0,0
52,0,38.9,1,1,1,0,126,71,72,221.4,132.4,40.1,244.3,149.9,0.459,6.66,1,1,0,52.2,Anterior,0,1,0,1,1
59,0,34.8,1,0,1,1,108,63,85,216.8,125.0,45.1,211.0,97.2,0.048,9.64,0,0,1,48.6,Inferior,1,0,1,1,1
54,1,30.6,0,0,0,0,122,66,65,220.8,131.4,29.3,204.8,104.4,0.077,4.54,1,1,0,54.6,Anterior,0,1,0,1,1
59,0,28.1,0,0,0,0,121,62,77,216.4,130.3,40.5,136.7,87.6,0.063,4.97,0,0,0,65.2,None,0,0,0,0,0
65,1,26.8,1,1,1,0,147,89,80,202.8,117.1,37.8,245.1,140.4,0.084,4.27,0,0,0,43.8,None,0,0,0,0,0
75,0,23.4,1,1,1,0,138,80,63,268.5,158.1,30.5,131.1,137.4,0.026,12.01,0,0,0,43.0,None,0,1,0,1,1
45,1,28.2,0,0,0,0,119,72,73,149.9,83.9,31.6,224.3,83.2,0.053,3.25,0,0,0,58.6,None,0,0,0,0,0
80,0,29.0,0,0,0,0,140,68,72,247.9,161.6,48.1,150.7,118.8,0.183,12.72,1,0,0,55.0,Septal,1,0,0,1,1
38,1,22.1,0,0,0,1,101,55,67,239.5,146.6,40.1,257.6,70.0,0.543,6.4,1,0,0,54.0,Anterior,1,0,0,1,1
56,1,29.3,0,1,1,0,145,101,101,234.3,174.4,36.9,111.3,187.2,0.057,3.73,0,0,1,58.3,None,0,1,0,1,1
64,1,27.1,1,0,0,0,95,67,64,251.9,153.6,30.9,262.0,112.5,0.073,2.65,0,0,0,62.7,None,0,0,0,0,0
61,1,19.0,1,0,0,1,108,73,86,201.1,112.4,55.8,145.1,70.0,0.023,4.4,0,0,0,67.1,None,1,0,0,1,1
51,1,23.8,1,1,1,1,117,71,69,126.5,116.0,31.6,174.1,135.5,0.117,7.22,0,1,0,51.3,Septal,1,1,0,1,1
56,1,25.9,0,0,0,0,134,87,60,202.0,127.4,42.5,175.7,91.6,0.098,4.21,1,0,0,53.9,None,1,0,0,1,1
53,1,36.5,1,0,1,1,135,87,75,163.4,112.9,35.1,126.7,102.8,2.019,17.37,1,1,1,52.5,Apical,0,0,1,1,1
52,1,30.4,0,0,0,0,121,69,81,174.3,113.5,40.4,161.0,75.2,0.025,4.51,0,1,0,60.5,None,0,0,0,0,0
67,1,21.7,0,0,1,1,119,82,85,152.8,101.0,44.6,124.4,95.6,0.225,4.31,0,1,0,50.0,Lateral,1,0,0,1,1
62,0,30.0,0,0,0,0,117,94,92,185.0,119.0,30.3,126.4,92.6,0.023,6.3,0,1,1,53.4,None,0,0,0,0,0
51,1,20.7,0,1,1,1,124,85,109,179.9,91.4,39.9,221.8,125.2,0.102,5.79,0,0,1,48.4,None,0,0,0,0,0
67,0,32.8,1,0,1,1,143,84,77,110.0,71.5,55.9,115.4,77.5,0.034,2.66,0,0,1,47.5,None,0,0,0,0,0
61,0,25.6,0,0,0,0,106,68,66,234.4,120.8,61.6,122.7,113.4,0.406,5.46,0,1,0,59.6,Inferior,0,0,1,1,1
67,0,27.4,0,0,0,0,143,59,79,298.3,176.4,42.7,89.5,70.0,0.083,9.7,0,0,0,41.7,None,0,0,0,0,0
65,1,33.9,0,0,0,0,95,76,70,230.5,127.4,40.4,137.3,104.6,0.018,7.55,0,1,0,60.4,Anterior,1,0,0,1,1
49,0,21.9,0,0,0,0,109,81,85,196.5,123.3,66.1,237.1,111.0,0.166,4.06,0,0,0,63.4,Lateral,0,0,0,0,0
52,1,21.4,0,1,1,0,163,96,58,202.7,126.6,51.3,148.5,135.6,0.202,2.73,1,0,0,47.4,None,0,1,1,1,1
66,1,25.1,0,1,1,0,130,63,102,187.3,119.6,33.8,154.8,141.0,0.041,3.95,0,0,0,62.4,None,0,0,0,0,0
64,1,32.6,1,0,0,0,100,66,84,208.8,129.6,33.8,175.7,118.3,0.062,3.73,0,0,1,58.1,Lateral,0,1,0,1,1
58,0,20.8,0,0,1,0,140,80,53,203.4,112.9,53.6,144.6,80.9,0.606,9.34,1,0,0,45.5,Anterior,1,0,0,1,1
59,1,18.5,0,0,1,0,129,85,65,169.7,97.9,29.9,287.5,83.0,0.071,6.96,0,0,1,55.8,Lateral,0,0,1,1,1
71,1,25.7,0,1,1,0,123,84,83,275.7,179.2,50.9,186.1,130.1,0.021,4.07,0,1,0,47.5,None,0,1,0,1,1
52,0,30.3,1,0,0,0,104,76,88,142.5,101.5,47.3,183.4,118.3,0.079,3.0,0,0,0,61.6,None,0,0,1,1,1
64,0,33.3,0,1,0,1,166,82,58,235.2,123.9,49.2,246.9,165.8,0.019,4.31,0,1,0,49.9,None,0,0,0,0,0
56,1,25.7,0,0,0,0,117,68,82,200.7,97.5,37.4,215.9,70.0,0.027,7.83,0,0,0,49.9,Septal,0,0,0,0,0
56,1,25.9,0,1,1,0,106,95,50,284.8,160.0,33.7,207.8,160.1,0.32,12.49,0,1,1,43.2,Septal,0,1,0,1,1
70,0,33.1,0,1,0,1,145,82,72,219.3,147.3,58.6,186.1,156.4,0.104,19.34,1,0,0,41.8,Apical,1,0,0,1,1
67,1,19.2,0,1,0,1,131,74,87,189.9,132.2,37.5,306.3,171.1,0.077,3.91,0,0,0,42.5,None,0,0,0,0,0
67,1,26.0,1,0,0,0,109,94,67,194.6,102.9,35.9,159.5,102.7,0.272,6.05,0,0,1,43.9,Lateral,1,0,0,1,1
72,1,28.7,1,0,1,1,122,101,55,206.7,128.6,39.2,140.7,94.1,0.042,5.51,0,1,0,47.1,None,1,0,0,1,1
58,0,29.9,0,0,0,0,132,87,75,157.0,121.7,45.9,129.5,117.9,0.071,5.64,1,0,0,63.3,Anterior,0,0,0,0,0
65,0,25.5,1,1,0,1,118,55,66,172.8,109.9,33.7,100.0,154.0,0.054,3.73,0,0,0,65.2,Lateral,0,0,0,0,0
55,0,28.0,1,0,0,0,91,93,81,130.0,99.3,38.4,210.2,139.9,0.095,3.45,0,0,0,64.0,None,0,0,0,0,0
61,0,18.5,0,1,0,0,150,85,63,166.2,114.7,37.8,65.9,159.2,0.021,3.09,0,0,0,62.4,None,0,0,0,0,0
57,1,24.8,0,1,1,0,130,106,64,208.9,111.7,48.5,194.7,143.1,0.051,4.54,0,1,1,59.8,None,0,0,0,0,0
59,1,29.9,0,0,0,1,145,90,49,217.6,127.7,31.1,153.7,71.5,1.083,4.91,0,0,1,64.7,Lateral,0,0,0,0,0
64,1,23.3,0,1,0,0,142,93,76,121.9,73.7,22.4,318.2,128.4,0.019,6.18,0,0,0,49.3,None,0,0,0,0,0
49,1,28.1,1,0,1,0,120,94,72,199.2,121.1,20.3,64.3,70.0,0.03,4.08,0,1,0,59.1,None,1,0,0,1,1
80,1,29.9,1,0,0,0,138,91,59,228.7,151.0,25.3,115.4,90.7,0.288,5.85,1,0,1,49.6,Apical,1,0,1,1,1
47,0,26.2,1,0,0,1,111,97,76,198.2,125.1,57.6,157.5,113.5,0.023,2.77,0,1,1,56.2,None,1,0,0,1,1
45,1,28.6,1,0,1,1,107,88,86,178.4,63.0,40.2,154.1,94.9,0.019,3.2,0,0,1,58.5,None,0,1,0,1,1
70,0,23.4,0,1,0,0,115,62,71,187.7,92.9,49.0,164.8,160.4,0.144,6.75,0,1,0,52.7,Inferior,0,0,0,0,0
66,1,26.8,0,0,0,0,128,74,77,182.3,76.6,45.4,160.5,101.8,0.235,10.54,1,0,0,56.4,Lateral,1,0,0,1,1
65,1,30.6,1,0,0,0,114,81,77,178.3,109.6,40.6,95.7,86.9,0.049,2.8,0,0,0,56.7,None,0,0,0,0,0
65,0,28.5,0,0,0,0,117,78,59,212.3,131.0,43.3,184.6,96.8,0.927,9.5,0,1,0,58.4,Inferior,0,0,1,1,1
58,1,25.1,0,1,1,1,155,73,98,301.9,185.4,50.4,67.3,149.4,0.02,2.74,0,0,1,55.5,None,0,0,0,0,0
49,0,28.8,1,0,1,0,138,69,68,173.8,89.9,45.5,163.6,97.8,0.106,4.64,0,0,1,63.3,Anterior,0,0,1,1,1
59,1,31.1,1,1,1,0,123,78,81,191.6,125.1,54.0,162.0,143.0,0.314,5.39,0,0,0,39.8,None,0,0,0,0,0
51,1,18.5,1,0,0,0,133,86,83,202.8,132.4,46.2,220.9,79.6,0.168,3.33,1,0,0,49.4,None,0,0,0,0,0
68,1,33.1,0,0,0,0,125,93,72,176.1,86.8,33.8,261.5,86.3,0.354,3.38,0,0,0,61.9,Anterior,1,0,1,1,1
56,1,26.3,1,0,1,0,96,95,81,251.1,128.7,35.0,146.8,140.2,0.085,4.55,0,1,0,57.5,Septal,1,0,0,1,1
49,1,29.8,1,0,1,0,143,96,76,110.0,66.0,32.7,241.5,119.6,0.11,3.56,0,0,0,54.6,Inferior,0,0,1,1,1
55,0,33.3,0,1,0,0,128,77,56,182.7,136.5,56.2,177.6,110.5,0.215,7.35,1,0,1,49.9,Septal,0,0,0,0,0
62,0,21.5,1,0,0,0,122,60,70,239.4,169.1,39.9,111.9,70.0,0.144,5.59,0,0,0,55.9,Inferior,0,0,0,0,0
52,1,24.5,0,1,0,0,136,73,66,192.6,124.0,32.0,291.0,141.5,0.067,3.99,0,0,0,56.5,None,0,0,0,0,0
49,0,26.5,1,0,0,0,111,75,68,170.5,91.4,47.2,193.6,112.9,0.067,5.29,0,0,0,49.1,None,0,0,0,0,0
61,1,24.2,0,0,0,0,127,73,58,223.5,147.4,39.0,165.2,84.6,0.876,6.25,0,1,0,58.2,Septal,1,0,1,1,1
61,0,35.8,0,1,0,1,96,78,87,243.1,139.1,46.9,232.8,160.4,0.891,9.83,1,1,0,54.0,Inferior,1,0,1,1,1
53,1,23.9,0,1,1,0,143,90,93,213.8,116.8,58.9,210.1,141.2,0.316,5.2,0,0,1,55.2,Apical,0,0,1,1,1
53,1,25.2,1,0,1,0,168,94,85,171.3,70.6,49.1,161.2,91.7,0.047,7.38,0,0,0,59.8,None,0,0,0,0,0
60,1,28.7,0,0,0,1,106,75,89,224.2,136.1,40.3,92.0,110.1,0.136,6.92,0,0,0,62.1,None,0,0,0,0,0
43,1,22.3,0,0,0,1,109,58,69,188.1,103.4,25.9,150.1,84.4,0.035,4.37,0,0,0,53.4,None,0,0,0,0,0
43,1,26.0,0,0,1,0,125,81,66,236.3,143.2,35.0,199.3,89.3,0.03,3.59,0,0,0,50.5,None,0,0,0,0,0
50,1,29.3,1,1,0,0,124,78,64,267.3,125.9,47.1,188.2,153.4,0.024,2.93,0,0,0,70.0,None,1,0,0,1,1
56,1,26.3,0,1,1,0,119,98,81,110.0,68.5,28.3,244.6,139.4,0.455,6.83,1,0,0,49.6,Anterior,1,0,0,1,1
61,0,27.4,0,0,0,0,128,72,76,209.7,89.4,65.4,186.1,133.2,0.046,11.53,0,1,0,56.5,Inferior,0,0,0,0,0
73,1,25.4,1,1,1,0,150,91,73,132.1,95.6,40.1,146.7,153.9,0.016,4.14,0,0,0,52.4,None,1,0,0,1,1
67,1,20.8,0,0,0,1,130,80,89,307.6,192.4,40.5,92.4,107.6,0.037,3.99,0,0,0,65.8,None,0,1,0,1,1
56,1,29.3,1,0,0,1,93,78,78,185.3,107.0,33.3,156.4,94.0,1.065,15.63,1,1,0,53.6,Inferior,1,0,0,1,1
58,1,35.9,0,0,0,0,137,87,63,236.3,150.2,45.0,136.2,112.5,0.431,5.41,1,0,0,50.0,Anterior,1,0,0,1,1
47,1,27.9,1,0,0,0,136,71,65,203.5,107.4,28.4,183.5,88.5,0.382,6.25,0,0,0,48.1,Anterior,0,0,0,0,0
58,1,28.8,0,0,0,0,135,72,82,171.3,103.9,61.6,125.5,100.6,0.258,2.61,0,0,0,70.0,Anterior,1,0,1,1,1
55,1,31.0,0,0,1,0,142,85,86,166.3,111.7,53.2,131.2,76.7,0.171,27.52,1,0,1,49.7,Septal,1,1,1,1,1
61,1,22.0,1,0,0,0,125,71,80,271.6,116.5,49.8,222.9,115.8,0.495,14.44,1,0,0,57.8,Anterior,1,1,1,1,1
49,1,35.6,0,0,0,1,138,83,96,245.1,140.4,26.1,173.2,100.8,0.077,5.53,0,0,0,50.2,Septal,0,0,0,0,0
63,1,28.7,1,1,0,0,152,70,93,286.6,171.6,42.1,156.4,179.7,0.189,2.92,0,0,0,40.4,Anterior,1,1,0,1,1
74,1,35.3,0,0,1,1,121,88,79,207.3,121.4,52.1,166.0,142.8,0.022,5.06,0,0,0,50.7,None,0,0,0,0,0
57,1,24.4,0,0,1,1,154,84,63,217.1,152.1,45.9,240.8,110.3,0.053,2.73,0,0,1,50.5,None,0,0,0,0,0
62,1,36.2,0,1,1,1,135,88,58,193.8,99.4,30.0,211.2,141.4,0.686,5.07,1,1,0,46.5,Anterior,1,1,0,1,1
65,0,31.4,1,1,0,0,119,73,69,192.9,106.4,37.5,227.6,121.1,0.068,6.68,0,0,0,68.0,Anterior,1,0,1,1,1
54,1,30.3,0,1,1,0,112,82,83,161.2,68.0,35.5,153.6,158.1,0.564,10.15,1,0,1,55.4,Inferior,0,0,1,1,1
60,1,28.9,0,0,1,0,132,86,95,208.5,147.8,34.0,221.5,99.2,0.022,5.47,0,0,0,65.5,None,0,0,0,0,0
58,1,26.7,0,0,1,0,121,88,79,171.9,99.4,55.3,292.5,105.8,0.322,5.48,1,1,0,64.6,Inferior,1,0,1,1,1
59,0,33.3,0,0,0,0,114,77,88,223.6,127.6,24.8,121.5,129.6,0.136,5.54,0,1,0,57.2,Lateral,0,0,0,0,0
50,1,28.4,0,0,0,0,104,95,71,212.1,126.5,46.6,100.0,78.5,0.363,13.74,1,0,0,54.5,Inferior,0,0,0,0,0
58,1,18.8,1,1,0,0,114,68,81,217.1,139.8,27.1,204.7,121.5,0.11,7.52,1,1,0,54.0,Anterior,1,0,0,1,1
63,1,22.7,0,0,0,0,115,77,83,275.4,170.5,30.4,213.2,90.3,0.107,8.06,0,1,0,59.3,Apical,1,0,1,1,1
73,1,26.9,1,0,1,1,138,70,50,203.4,161.8,20.0,160.0,111.4,0.033,3.35,0,0,1,48.4,None,1,0,0,1,1
68,1,29.2,0,0,0,0,96,81,69,236.8,148.9,34.5,107.1,106.1,0.061,3.2,0,0,0,54.0,None,0,1,0,1,1
81,1,27.5,1,0,0,0,98,66,85,291.2,167.7,55.1,159.0,77.1,0.15,10.36,0,0,0,47.3,Lateral,0,1,0,1,1
50,0,33.4,1,1,1,0,142,83,77,259.9,147.5,46.6,227.9,155.1,0.02,3.18,0,0,0,50.6,None,0,0,0,0,0
67,1,18.8,0,0,1,1,124,82,59,253.4,146.1,28.0,142.6,71.0,0.514,4.23,0,0,0,50.3,Inferior,0,0,1,1,1
60,0,28.5,1,0,0,0,139,80,48,192.1,92.7,54.2,198.4,78.2,0.031,10.09,0,1,0,47.8,None,0,0,0,0,0
81,0,19.4,0,0,1,0,140,80,69,214.6,129.4,56.3,229.1,92.7,0.124,5.58,0,0,0,34.2,None,0,1,0,1,1
50,1,31.3,1,0,0,0,131,72,73,149.6,101.5,41.0,178.2,83.9,0.024,2.94,0,1,0,50.5,None,0,0,0,0,0
49,1,27.4,1,0,1,1,159,100,63,226.0,126.4,60.3,163.5,112.8,0.027,3.16,0,0,0,70.0,None,0,0,0,0,0
52,1,29.7,0,0,1,1,132,88,75,216.5,117.8,48.2,210.6,100.7,0.083,3.84,0,0,1,55.5,None,1,0,0,1,1
36,1,23.8,0,0,1,0,127,80,80,206.0,146.3,46.8,117.9,130.3,0.031,6.13,0,0,0,64.2,None,0,0,0,0,0
52,1,33.7,0,1,1,0,150,83,82,248.1,127.5,32.0,142.5,135.1,0.127,16.23,0,1,1,35.0,Lateral,1,1,0,1,1
50,0,32.6,0,1,1,0,145,102,48,154.3,61.6,50.3,180.3,137.6,0.1,9.06,0,0,1,43.9,Lateral,0,1,0,1,1
60,0,30.5,0,1,0,0,119,75,58,273.7,146.9,46.2,167.9,164.2,0.57,10.26,1,0,1,41.2,Lateral,0,0,0,0,0
62,1,27.2,0,1,0,1,144,71,70,242.9,122.6,45.2,150.8,138.2,0.095,11.31,0,1,1,50.4,Lateral,1,1,0,1,1
78,1,30.5,0,0,1,1,133,79,80,202.0,127.0,33.2,265.7,124.9,0.103,5.75,1,1,1,70.0,Anterior,1,0,1,1,1
68,0,24.5,1,0,0,1,122,72,79,198.8,113.9,45.3,284.5,105.8,0.976,9.39,1,1,0,56.7,Septal,1,0,1,1,1
52,0,31.7,0,0,0,0,122,72,79,225.2,131.8,35.8,145.5,70.0,0.413,5.52,0,0,0,70.0,Anterior,0,0,0,0,0
49,0,35.4,0,1,1,0,122,73,69,268.9,178.6,22.5,200.0,163.6,0.366,4.34,0,0,1,50.0,Anterior,1,1,0,1,1
63,1,32.7,1,1,1,0,138,74,70,209.3,115.2,50.0,184.7,158.3,0.262,4.59,1,1,1,62.9,Inferior,1,0,1,1,1
44,0,24.4,0,1,0,1,144,69,65,211.0,138.2,29.0,255.9,159.0,0.042,3.27,0,1,0,68.6,None,0,1,0,1,1
77,1,29.5,0,0,0,1,129,83,83,205.8,146.1,41.1,236.8,70.0,0.047,5.28,0,0,0,52.1,Lateral,0,0,0,0,0
70,1,21.9,0,1,0,0,122,74,62,279.8,161.0,43.3,97.3,126.7,0.195,8.47,1,1,0,42.7,Anterior,1,0,0,1,1
53,1,30.4,1,0,0,0,119,75,84,189.5,124.8,43.3,191.2,83.2,0.047,3.06,0,0,0,47.5,None,0,0,0,0,0
40,1,29.9,1,0,0,0,127,90,76,203.8,118.7,37.2,93.1,78.2,0.021,3.15,0,0,0,55.5,None,1,0,0,1,1
72,0,19.2,0,0,1,0,148,98,73,266.5,173.8,46.7,261.7,129.8,0.031,4.94,0,0,1,53.7,None,0,0,0,0,0
57,1,22.5,1,0,0,1,131,75,66,211.2,103.1,44.7,189.2,94.8,0.342,5.37,0,0,1,70.0,Septal,1,0,0,1,1
71,1,26.5,0,0,0,0,116,71,57,252.8,127.0,47.3,119.7,94.3,0.726,10.15,1,1,0,42.6,Apical,1,0,0,1,1
41,1,26.4,1,0,0,1,127,69,66,166.7,94.2,57.3,151.7,106.0,0.019,5.18,0,0,0,58.5,None,0,0,0,0,0
52,1,22.2,1,0,1,0,144,92,70,196.4,104.5,42.3,149.1,106.4,0.261,3.79,0,0,0,43.5,None,0,0,1,1,1
58,1,29.6,1,0,0,1,105,75,48,267.3,152.6,40.6,193.9,70.0,0.039,2.92,0,1,1,54.6,None,0,0,0,0,0
58,1,29.0,0,1,0,0,124,74,71,176.6,102.7,30.9,252.3,127.1,0.173,4.21,0,1,0,54.5,Lateral,1,0,1,1,1
53,0,26.9,0,0,0,1,90,69,85,198.6,130.0,48.4,101.8,70.0,0.036,4.45,0,0,1,62.1,None,0,0,0,0,0
65,1,24.3,0,0,1,0,144,78,80,215.8,123.4,46.7,266.1,103.0,0.055,7.15,0,1,0,62.7,Septal,1,0,0,1,1
47,1,32.6,1,1,1,0,147,89,68,163.5,85.7,38.1,283.3,134.2,0.178,3.53,0,1,0,55.2,Inferior,0,0,1,1,1
57,1,35.4,0,1,0,0,133,64,74,187.6,107.3,45.4,146.9,140.3,0.09,4.0,0,1,0,56.6,Septal,0,1,0,1,1
59,0,25.6,1,0,0,0,115,87,67,209.7,114.3,41.1,169.0,70.0,0.523,10.09,0,1,0,58.4,Anterior,1,0,0,1,1
63,0,25.0,1,0,0,0,126,72,75,207.0,110.2,50.7,259.1,88.8,0.393,12.18,1,0,0,49.6,Inferior,1,0,0,1,1
65,0,30.1,0,0,0,0,144,76,92,258.8,131.1,53.1,232.8,117.3,0.665,4.48,1,0,0,43.2,Inferior,1,1,0,1,1
46,1,26.2,1,0,0,1,144,64,85,269.7,162.9,49.0,146.5,123.2,0.052,3.17,0,1,0,53.6,Lateral,1,1,0,1,1
42,1,27.2,1,0,0,0,121,77,80,169.0,92.9,41.2,209.8,109.4,0.147,5.14,0,1,0,56.9,Lateral,1,0,0,1,1
71,1,31.2,1,1,0,1,124,74,68,209.7,140.3,29.6,359.8,113.3,0.115,6.26,0,0,0,57.0,Anterior,0,0,1,1,1
61,0,19.0,1,0,0,1,139,77,82,233.3,118.3,37.9,170.8,120.2,0.235,4.52,0,0,0,57.2,Inferior,1,0,1,1,1
50,0,33.9,1,1,0,0,97,92,53,268.7,153.1,50.0,160.2,154.5,0.232,5.29,1,1,0,50.4,Septal,1,0,0,1,1
74,1,28.1,0,1,1,1,131,87,70,235.2,168.3,64.5,204.5,137.7,1.452,18.74,1,0,0,50.1,Septal,1,0,1,1,1
59,0,25.9,1,1,0,0,143,70,81,217.2,116.2,40.6,208.6,99.5,0.197,5.93,0,0,0,49.8,Inferior,0,0,1,1,1
70,0,27.4,0,0,0,0,137,70,82,233.0,136.3,48.6,136.2,114.1,0.016,3.17,0,0,0,59.5,None,0,0,0,0,0
59,1,27.6,1,1,0,0,127,83,82,233.3,121.7,34.4,219.3,128.2,0.027,6.66,0,0,0,67.8,None,0,0,0,0,0
80,0,19.8,1,0,1,1,112,98,77,166.0,79.4,34.3,96.0,101.9,0.885,3.82,0,0,0,70.0,Lateral,0,0,0,0,0
76,1,34.7,0,0,1,0,136,88,71,213.1,151.1,33.2,128.4,96.4,0.086,2.53,0,0,1,53.8,None,0,0,0,0,0
55,1,28.0,1,0,0,0,112,84,80,266.3,162.3,20.0,206.7,125.8,0.38,11.32,1,0,1,60.7,None,1,0,1,1,1
68,1,29.8,0,0,0,0,127,84,62,196.3,119.8,53.5,68.5,92.5,0.03,2.71,0,1,0,65.6,None,0,1,0,1,1
65,1,32.2,0,1,0,1,109,92,63,210.4,100.8,20.0,244.7,139.7,0.151,14.48,0,1,0,50.8,Inferior,0,0,0,0,0
72,1,23.1,0,0,0,0,105,58,74,194.8,122.3,37.4,60.0,126.6,0.083,4.46,0,1,0,58.4,Anterior,0,0,0,0,0
48,1,30.0,1,0,0,1,90,84,76,110.0,83.4,28.2,69.8,81.8,0.034,2.53,0,0,0,48.9,None,0,0,0,0,0
65,1,26.6,1,0,1,1,156,95,52,205.9,140.8,31.2,137.6,111.3,0.021,5.56,0,0,0,55.5,None,1,1,0,1,1
69,1,31.7,1,0,1,1,130,72,79,217.7,140.6,53.8,180.8,91.0,0.185,6.02,0,0,0,62.2,Lateral,1,1,1,1,1
40,1,18.5,0,0,1,1,139,77,83,183.5,93.2,42.0,237.9,74.9,0.215,4.61,0,0,1,52.3,Septal,0,0,0,0,0
46,1,27.3,1,1,0,1,121,69,73,156.5,98.6,30.3,198.2,140.0,0.029,3.06,0,0,0,51.0,None,0,0,0,0,0
37,1,25.0,1,0,1,0,119,78,102,168.0,110.8,34.1,151.4,108.8,0.028,3.44,0,0,0,45.4,None,0,0,0,0,0
55,1,29.8,0,0,1,0,116,81,65,237.1,115.3,32.3,196.9,122.1,0.313,4.15,0,0,0,70.0,Inferior,1,0,0,1,1
66,0,30.0,0,0,0,0,105,80,69,287.8,155.9,43.6,117.1,124.5,0.218,5.72,0,1,0,63.1,Lateral,0,0,0,0,0
74,0,24.5,0,0,0,0,110,86,69,263.1,171.2,45.7,172.7,89.1,0.125,2.6,0,0,0,54.5,Lateral,1,1,0,1,1
59,0,24.5,1,0,0,0,127,88,73,148.5,102.2,63.0,99.0,75.3,1.676,7.53,1,0,0,62.1,Inferior,0,0,0,0,0
75,0,27.3,1,0,0,0,109,69,70,240.9,121.3,24.8,169.5,88.6,0.187,2.99,0,1,0,56.2,Septal,1,1,0,1,1
44,1,23.7,1,1,0,0,149,69,57,177.1,118.2,39.7,187.9,116.4,0.047,2.53,0,0,0,63.1,None,0,0,0,1,1
40,0,31.7,0,0,1,1,153,99,67,180.5,109.7,40.8,120.8,90.7,0.028,5.44,0,1,0,53.8,None,0,0,0,0,0
57,1,26.1,1,0,0,0,134,84,72,185.6,123.1,49.5,174.1,88.2,0.07,3.84,1,0,0,63.9,Inferior,0,0,0,0,0
62,1,18.5,0,0,1,1,135,86,88,234.7,131.3,43.5,173.7,109.5,0.185,10.14,0,0,1,66.6,Lateral,0,0,1,1,1
58,0,26.1,0,1,0,0,146,82,100,245.3,156.9,49.9,259.6,95.9,0.278,8.06,0,1,0,61.7,Anterior,0,0,0,0,0
36,1,23.0,1,0,1,0,133,85,90,200.9,133.2,43.5,76.7,80.3,0.195,6.86,1,1,0,39.9,Apical,0,0,0,0,0
57,0,20.3,0,0,0,1,121,83,64,201.6,115.7,34.7,160.8,80.5,0.336,4.58,1,0,0,53.2,Lateral,0,1,0,1,1
44,0,22.1,1,1,1,0,139,82,65,224.5,135.0,56.1,153.2,163.7,0.554,15.18,1,0,1,43.8,Inferior,1,0,1,1,1
65,0,28.3,0,0,0,0,133,80,72,228.9,127.6,52.0,212.8,72.7,0.054,2.54,0,0,0,59.2,None,0,1,0,1,1
62,0,33.9,1,0,0,0,132,62,95,254.4,177.4,53.2,206.5,99.5,0.429,4.29,0,0,0,41.9,None,0,1,0,1,1
48,1,29.2,0,0,1,0,129,79,72,151.1,88.9,52.6,192.9,92.4,1.131,22.35,1,1,0,41.6,Lateral,0,0,0,0,0
53,1,25.0,0,0,0,1,113,71,58,205.8,109.6,44.2,126.3,115.9,0.031,3.36,0,1,0,70.0,None,1,0,0,1,1
47,1,29.9,0,0,1,1,147,82,67,160.1,85.3,54.8,213.7,106.9,0.077,3.01,0,0,0,62.9,None,0,0,0,0,0
57,1,25.7,0,0,1,0,148,76,83,202.9,123.6,43.8,80.8,97.4,0.537,12.04,1,1,1,59.0,Septal,1,0,0,1,1
68,1,24.6,1,0,0,0,115,72,82,195.5,128.6,37.8,69.6,83.9,0.191,5.8,1,1,0,55.9,Septal,0,0,0,0,0
48,0,22.5,0,0,0,0,96,62,71,203.0,101.8,43.9,94.8,70.0,0.042,7.5,0,0,0,59.2,None,0,0,0,0,0
63,0,19.7,1,0,1,0,133,91,82,171.4,130.6,43.8,163.2,99.9,0.774,5.75,1,1,0,66.0,Lateral,1,1,0,1,1
52,1,26.0,1,1,0,0,131,77,48,142.5,90.1,34.8,232.1,150.6,0.022,3.77,0,0,0,46.9,None,0,0,0,0,0
50,1,28.5,0,1,1,0,165,68,75,117.0,77.2,56.3,60.0,108.5,0.017,4.15,0,0,0,53.5,None,0,0,0,0,0
57,1,27.4,0,1,1,0,117,77,84,199.5,118.2,43.0,267.8,115.3,0.223,4.9,0,1,0,53.8,Inferior,0,0,1,1,1
47,1,25.9,1,0,0,0,115,81,64,186.9,112.4,40.9,172.2,100.0,0.229,8.76,1,0,0,49.6,Lateral,0,0,0,0,0
52,0,23.4,1,0,0,0,115,72,63,176.6,103.7,47.9,78.8,101.8,0.031,4.65,0,0,0,68.2,None,0,0,0,0,0
45,1,30.6,1,0,1,1,158,79,51,260.5,171.6,69.8,170.6,75.2,0.021,3.39,0,0,0,54.4,None,0,1,0,1,1
79,1,21.7,0,0,0,0,121,77,93,168.9,101.2,28.7,225.1,83.5,0.073,3.2,0,0,0,61.1,None,0,0,0,0,0
58,1,31.4,1,1,0,1,107,81,65,264.5,170.2,31.5,228.0,103.3,0.097,7.22,0,1,0,52.9,Apical,0,1,1,1,1
51,0,23.2,0,0,0,1,130,63,76,273.2,157.4,30.2,225.4,122.5,0.125,6.19,0,0,0,70.0,Inferior,1,0,1,1,1
60,0,24.3,1,0,0,0,115,83,81,123.1,76.8,41.7,89.9,70.0,0.035,2.72,0,0,0,49.7,None,0,0,0,0,0
57,1,21.1,1,0,0,0,102,69,92,208.9,113.3,42.5,142.2,105.8,0.024,3.67,0,0,0,49.3,None,0,0,1,1,1
56,1,25.5,0,0,0,1,107,77,72,188.2,131.2,35.3,114.1,94.3,0.19,6.32,0,1,1,50.8,Anterior,1,0,0,1,1
64,1,32.3,0,0,1,1,164,85,67,110.0,53.5,34.6,259.5,120.8,0.06,3.25,0,1,0,59.1,Inferior,0,0,0,0,0
66,1,30.2,0,0,0,1,128,72,76,144.3,81.7,41.4,200.2,79.2,0.12,6.58,0,1,0,65.3,Lateral,1,1,0,1,1
52,0,32.3,0,0,0,0,123,67,89,237.5,137.8,39.0,321.6,96.2,0.018,3.6,0,0,0,70.0,None,0,0,0,0,0
52,1,30.2,1,1,1,1,133,83,71,289.8,168.6,43.1,169.3,106.0,0.773,4.43,1,1,1,33.5,Apical,1,1,1,1,1
55,1,22.7,0,0,1,0,141,102,62,242.9,156.6,51.1,125.1,70.0,0.276,4.31,0,0,0,60.0,Anterior,0,0,0,0,0
34,1,26.3,0,1,1,1,141,72,55,218.6,126.4,46.8,187.1,151.9,0.149,5.08,0,0,0,26.3,None,0,0,1,1,1
42,0,24.2,0,1,0,1,126,94,59,204.1,143.4,52.8,270.8,104.3,0.022,2.69,0,0,1,58.4,None,0,1,0,1,1
72,1,33.9,1,0,1,0,138,83,84,275.7,153.1,50.9,144.9,90.4,0.169,3.49,1,1,0,61.9,Anterior,1,1,1,1,1
75,0,22.3,1,1,0,1,135,78,70,295.2,179.7,46.8,201.8,160.2,0.147,7.24,1,0,0,46.7,Septal,1,1,1,1,1
55,1,31.9,0,0,0,0,122,67,66,180.4,96.6,38.4,170.3,109.9,0.28,9.04,0,0,0,58.7,Inferior,0,0,1,1,1
64,1,31.9,0,1,0,1,106,70,65,121.0,78.9,32.3,197.2,126.7,0.109,9.18,1,0,0,52.6,Anterior,1,0,0,1,1
61,1,36.2,1,0,0,0,112,72,75,116.9,69.9,36.1,129.1,70.0,0.019,2.92,0,0,0,51.7,None,0,0,0,0,0
85,1,25.9,1,0,1,1,105,75,71,260.5,154.0,34.8,157.4,105.2,0.021,2.57,0,1,1,56.5,None,0,0,1,1,1
70,0,31.1,0,0,0,0,154,75,70,203.0,139.6,51.3,155.1,121.8,0.56,9.95,0,0,1,51.1,Anterior,1,0,0,1,1
57,1,38.3,0,0,1,1,150,81,90,212.7,117.8,43.5,164.6,81.8,2.738,5.52,1,0,0,65.4,Inferior,0,0,0,0,0
48,1,25.0,0,1,1,0,123,104,92,129.8,86.7,47.0,246.9,123.9,0.519,11.03,0,0,0,51.1,Lateral,0,0,1,1,1
41,1,20.7,0,0,1,0,132,74,54,173.4,92.5,28.4,261.8,84.5,0.023,4.77,0,0,1,51.1,None,0,0,0,0,0
60,1,19.2,0,0,0,0,111,79,77,192.6,117.3,54.3,118.8,106.4,0.022,4.98,0,0,1,45.7,None,0,0,0,0,0
50,1,31.1,1,0,1,1,161,88,64,213.7,110.3,35.7,143.4,119.6,0.286,4.22,0,0,0,43.1,None,1,1,0,1,1
43,1,19.1,0,1,0,0,99,67,71,188.3,103.0,29.0,149.6,115.2,0.388,12.48,0,0,1,62.5,Septal,0,0,0,0,0
51,0,26.1,1,0,0,0,123,84,77,161.4,95.6,39.6,175.3,70.0,1.173,4.07,1,0,0,54.3,Anterior,1,0,0,1,1
47,1,29.8,0,0,1,0,135,82,71,172.0,130.4,64.8,135.4,141.8,0.026,3.82,0,1,1,60.7,None,0,0,0,0,0
76,1,28.7,1,0,0,1,135,55,76,255.7,154.9,36.1,178.2,91.5,0.071,3.39,0,1,0,67.3,None,1,1,0,1,1
67,0,29.8,1,0,0,0,120,84,82,215.3,154.0,40.7,225.7,100.1,0.044,3.77,0,0,0,48.5,None,1,0,0,1,1
58,1,28.8,0,0,1,0,108,74,77,230.7,141.7,38.1,60.0,81.2,0.433,10.09,1,0,0,53.0,Anterior,0,0,1,1,1
74,0,33.7,0,0,0,0,117,67,66,167.2,94.5,42.5,192.0,104.8,0.294,8.13,0,1,0,51.9,Lateral,0,0,0,0,0
59,1,23.4,1,0,1,0,121,92,66,110.0,89.1,32.2,139.7,114.2,0.359,5.47,0,0,0,58.2,Apical,1,0,1,1,1
49,0,24.7,0,1,0,0,123,74,56,183.0,116.4,45.4,220.3,146.0,0.14,4.99,0,0,0,67.1,Anterior,0,0,0,0,0
74,1,24.2,0,0,0,0,144,87,63,168.6,91.5,50.8,115.7,129.8,0.162,4.11,0,0,0,65.5,None,0,0,0,0,0
64,0,31.6,0,0,0,1,94,90,97,219.7,138.9,47.1,230.8,88.5,1.574,10.57,1,1,1,63.0,Inferior,0,0,1,1,1
47,0,31.9,1,0,0,1,109,71,64,343.0,201.4,32.9,215.2,89.7,0.195,7.67,1,1,0,69.6,Lateral,1,0,0,1,1
56,1,29.9,0,1,0,0,113,85,59,234.2,110.7,36.6,226.3,144.6,0.027,3.45,0,0,0,50.6,None,0,0,0,0,0
49,0,33.2,1,1,1,0,130,78,77,319.9,206.0,38.5,238.6,149.3,0.513,5.51,1,0,0,54.4,Lateral,1,1,0,1,1
43,1,22.4,0,0,0,1,133,100,72,228.9,153.8,40.5,124.0,99.6,0.108,3.46,1,0,0,55.6,Lateral,0,0,0,0,0
68,1,35.5,1,0,1,0,134,79,71,178.5,134.7,53.3,130.9,70.0,0.336,3.66,1,0,1,42.7,Anterior,1,1,0,1,1
78,1,34.8,0,0,0,1,128,88,90,219.6,138.1,38.5,206.4,101.3,0.148,22.55,1,0,0,62.6,Anterior,1,1,0,1,1
43,1,31.2,1,0,0,0,111,86,80,279.8,164.1,39.1,122.8,87.5,0.114,3.4,1,1,1,62.3,Inferior,1,1,1,1,1
64,1,36.0,0,0,1,0,140,89,67,281.8,181.6,57.8,244.5,83.4,0.386,5.91,1,0,0,58.1,Inferior,1,0,1,1,1
51,1,20.2,0,0,1,0,149,79,68,180.8,121.2,48.8,147.2,95.6,0.034,4.33,0,0,0,58.0,None,0,0,0,0,0
53,1,25.4,1,0,0,1,110,76,67,215.6,153.9,45.7,192.6,75.8,0.018,3.89,0,0,0,46.0,None,0,0,0,0,0
52,0,24.4,0,1,1,0,149,64,84,145.0,86.3,63.6,310.5,117.3,0.059,8.18,0,0,0,44.2,None,0,0,0,0,0
49,0,31.1,0,0,1,0,137,88,70,239.6,141.3,48.9,126.2,70.0,0.286,3.19,0,1,1,60.7,Lateral,1,1,0,1,1
59,1,23.0,0,0,0,0,138,81,52,270.2,151.4,20.1,168.8,129.9,0.144,3.75,0,0,0,53.8,Anterior,0,0,0,0,0
49,1,31.3,0,0,1,1,133,87,73,206.7,132.1,48.3,223.0,106.1,0.099,9.37,0,0,0,56.3,Anterior,0,0,0,1,1
61,1,34.1,1,0,0,1,128,55,55,177.0,83.0,24.1,217.3,92.7,0.087,7.12,0,0,0,57.2,Lateral,1,0,1,1,1
57,1,31.0,0,0,1,0,136,73,100,220.1,143.7,44.5,147.0,81.7,0.023,2.92,0,0,1,52.5,None,0,0,0,0,0
55,1,29.1,0,0,1,0,135,78,62,222.5,142.3,22.9,136.6,70.0,0.266,9.02,1,1,0,50.3,Inferior,1,0,1,1,1
48,1,23.3,1,0,1,1,141,88,72,208.4,133.8,35.3,152.2,80.4,0.312,9.86,1,0,1,45.1,Anterior,1,0,0,1,1
52,1,23.9,0,0,0,0,130,80,77,212.5,129.6,36.4,244.6,109.3,0.047,2.52,0,0,0,56.8,None,0,0,0,0,0
66,0,33.5,0,1,0,0,102,76,70,197.7,141.6,36.3,179.6,158.8,0.14,6.18,0,0,1,51.9,None,0,0,0,0,0
63,1,31.4,0,0,1,0,159,92,70,246.8,161.2,36.5,169.3,107.8,0.37,4.04,0,1,0,44.9,Apical,1,0,0,1,1
48,1,27.6,1,0,0,1,92,67,79,235.9,132.4,50.3,141.5,98.2,0.028,6.61,0,1,0,57.8,Lateral,1,0,0,1,1
59,1,25.9,1,0,0,0,111,84,92,163.7,89.4,32.9,203.8,121.1,0.041,3.89,0,0,0,60.2,None,0,1,0,1,1
66,1,18.5,1,0,1,1,135,90,83,162.6,84.4,45.5,173.6,88.4,0.053,5.18,1,0,0,45.1,Apical,1,0,1,1,1
40,1,22.9,0,0,0,0,128,81,91,194.3,124.8,30.3,109.8,116.7,0.492,6.41,1,1,0,69.4,Lateral,1,0,0,1,1
64,0,36.6,1,1,0,0,147,76,61,235.9,126.5,42.1,141.7,132.3,0.021,5.37,0,0,0,48.9,None,1,0,0,1,1
51,1,21.9,0,1,0,1,92,96,77,211.2,143.0,43.2,85.1,122.4,0.027,4.12,0,0,0,51.2,None,0,0,0,0,0
64,1,28.7,0,1,0,0,113,82,75,178.0,126.6,30.0,149.3,119.9,0.049,4.78,0,0,0,50.7,None,0,0,0,0,0
50,0,32.4,0,0,1,0,102,76,78,216.0,116.4,30.9,208.7,73.7,0.327,16.95,1,0,0,43.8,Inferior,1,0,1,1,1
39,0,22.0,0,1,1,0,137,88,90,191.1,111.9,48.9,267.8,153.2,0.329,14.53,1,0,0,60.1,Inferior,0,0,0,0,0
41,0,28.6,0,0,0,1,126,85,71,242.0,145.4,55.2,202.7,80.1,0.022,2.54,0,0,1,50.4,None,0,0,0,0,0
59,1,32.1,0,0,1,1,162,80,69,219.0,144.7,39.2,195.5,74.3,0.064,3.87,0,0,1,56.1,Anterior,0,0,0,0,0
61,0,27.9,0,0,1,1,138,96,80,191.8,139.2,39.4,158.0,109.3,0.027,4.15,0,0,0,62.8,None,0,0,0,0,0
49,1,41.0,0,1,1,1,153,89,52,214.7,103.5,41.6,237.6,146.6,0.023,3.52,0,0,0,63.7,None,1,1,0,1,1
65,1,20.1,1,0,0,0,131,55,71,260.2,151.3,40.6,180.7,114.3,0.234,11.18,1,0,0,49.4,Anterior,1,1,0,1,1
41,1,32.7,0,0,1,0,130,88,72,181.1,104.7,42.4,264.2,105.3,0.03,2.82,0,0,0,54.4,None,0,0,0,0,0
57,1,27.0,1,0,0,1,99,73,62,221.9,112.1,20.0,159.6,79.9,0.193,6.02,1,1,0,69.1,Anterior,1,1,0,1,1
45,1,31.4,0,0,1,0,141,91,86,202.0,113.9,29.3,238.9,96.5,0.055,6.25,0,0,0,61.7,Septal,0,0,0,0,0
51,1,29.8,1,0,1,0,113,95,61,222.9,140.2,31.5,213.1,97.5,0.201,6.71,1,0,0,63.4,None,1,0,1,1,1
58,0,24.4,0,1,0,0,142,79,72,177.5,102.3,45.5,235.4,121.6,0.199,8.76,0,1,0,43.6,None,0,0,0,0,0
49,0,28.9,0,0,1,0,134,102,77,209.6,102.6,45.9,60.0,72.9,0.073,5.06,0,1,1,55.0,None,0,0,0,0,0
54,0,19.3,0,0,0,1,141,76,90,251.5,194.0,50.4,216.1,81.4,0.189,5.74,0,0,0,56.7,Anterior,0,0,1,1,1
69,1,30.6,1,0,1,0,129,92,73,165.6,103.4,42.6,158.0,135.7,0.135,7.35,0,0,0,46.1,Inferior,1,0,1,1,1
52,0,29.2,1,0,0,0,126,86,85,149.2,91.2,31.0,140.6,86.7,0.38,5.92,1,1,0,44.6,Anterior,1,0,1,1,1
67,1,30.7,0,0,1,1,140,85,82,150.8,74.0,54.5,83.4,119.7,0.095,8.82,0,0,1,48.9,Anterior,0,0,0,0,0
46,0,32.7,0,0,0,0,121,85,75,155.8,97.4,56.7,164.7,85.6,0.044,2.54,0,0,0,68.8,None,0,0,0,0,0
64,1,29.5,1,0,0,0,115,72,60,230.0,135.5,27.4,166.8,112.8,0.019,6.32,0,0,1,58.5,None,0,1,0,1,1
73,0,28.5,1,0,0,0,128,73,56,146.0,59.3,47.3,93.3,113.0,0.017,3.72,0,0,0,64.0,None,0,0,0,0,0
32,1,23.7,0,0,0,1,107,64,75,192.5,99.4,34.0,84.0,114.1,1.143,4.03,1,0,0,59.4,Inferior,1,0,0,1,1
50,0,24.5,0,0,0,1,102,80,67,231.0,150.5,45.4,191.8,102.8,0.918,8.25,1,0,0,51.9,None,0,0,1,1,1
64,0,33.3,0,0,1,1,156,89,85,222.5,162.7,54.5,212.9,122.5,0.319,8.27,0,1,1,68.2,Lateral,1,1,1,1,1
56,1,34.4,1,0,0,1,133,89,82,188.8,118.8,61.3,175.5,102.6,0.051,11.84,1,0,0,59.7,Anterior,1,1,0,1,1
62,1,26.7,0,1,0,0,123,85,71,213.0,144.3,47.5,258.3,174.3,0.017,8.6,0,0,0,59.7,None,0,1,0,1,1
52,0,28.0,1,0,0,1,148,75,60,209.5,123.4,46.9,160.2,70.0,0.112,3.3,0,0,0,49.5,Anterior,1,0,0,1,1
59,1,23.6,0,0,1,1,132,74,80,195.6,116.1,36.6,162.0,102.0,0.657,8.1,1,0,0,66.3,Apical,1,0,0,1,1
56,0,33.2,0,0,1,0,158,90,61,196.1,134.0,45.8,114.6,100.7,0.059,3.1,0,1,1,66.6,None,0,0,0,0,0
70,1,30.9,0,0,1,0,139,97,64,298.9,204.3,53.6,79.2,76.3,0.036,3.59,0,0,0,55.3,None,0,0,0,0,0
61,1,36.7,1,1,1,1,120,93,62,239.0,162.9,39.6,297.0,151.6,0.315,13.99,1,0,0,45.5,Anterior,1,1,1,1,1
62,1,23.8,1,0,0,1,151,88,72,309.2,169.5,31.1,227.2,70.0,0.046,4.23,0,0,0,57.6,Inferior,1,0,0,1,1
54,1,26.1,0,0,0,1,137,75,88,184.1,109.5,23.8,88.4,81.9,0.017,2.5,0,0,0,62.9,None,0,0,0,0,0
53,0,28.9,1,0,0,1,120,73,73,201.4,125.0,49.1,173.6,70.0,0.299,8.14,0,1,0,59.9,Septal,1,0,0,1,1
53,1,30.8,0,0,1,0,148,78,68,149.1,85.6,42.5,159.5,126.2,0.52,2.88,1,0,1,62.8,Inferior,1,0,1,1,1
62,1,26.8,0,1,1,0,130,85,55,171.0,108.4,33.5,179.9,135.4,0.277,8.51,1,0,0,60.1,Septal,0,0,0,0,0
54,1,23.8,0,0,0,0,135,77,80,284.9,183.2,50.3,142.5,138.3,0.02,3.06,0,0,1,52.8,None,0,0,0,0,0
61,1,31.9,0,0,0,0,90,80,64,183.1,124.9,35.8,186.0,111.1,0.072,4.67,1,0,0,48.8,Lateral,0,1,0,1,1
80,0,31.1,0,0,0,1,105,76,75,285.6,196.6,42.7,210.0,104.0,0.05,3.4,0,0,0,52.7,None,1,0,1,1,1
67,0,23.6,1,0,0,0,137,76,69,152.8,86.7,43.8,187.1,83.3,0.073,5.34,0,0,0,50.4,None,0,0,0,0,0
55,1,34.0,0,1,1,0,133,78,84,160.8,76.0,36.5,188.4,119.1,0.081,13.82,1,0,0,58.3,Septal,1,0,0,1,1
71,0,33.2,1,0,0,0,125,87,72,190.7,119.8,46.4,156.4,105.5,0.038,9.44,0,0,0,44.4,None,1,0,0,1,1
54,0,28.4,0,0,1,0,115,86,73,202.3,149.6,55.5,216.5,93.6,0.123,5.82,0,1,0,66.2,Septal,0,0,0,0,0
37,1,28.2,1,0,0,0,151,76,79,243.8,139.1,28.6,190.5,70.0,1.146,10.44,1,0,0,68.8,Anterior,0,0,0,0,0
47,0,30.3,0,0,1,0,156,78,99,223.9,144.6,48.9,169.0,70.0,0.411,6.67,0,0,0,58.0,Apical,0,1,0,1,1
38,1,23.8,0,0,1,0,133,72,84,187.5,122.9,41.7,163.0,75.8,0.139,4.25,0,1,1,58.5,Anterior,1,1,0,1,1
54,1,27.9,0,0,1,0,130,99,72,199.4,122.5,41.5,184.0,131.4,0.051,3.7,0,0,1,51.9,Lateral,0,0,0,0,0
58,0,18.5,0,0,1,1,153,91,74,191.6,115.1,52.7,139.2,139.3,0.023,8.03,0,0,1,53.7,None,0,0,0,0,0
76,1,31.8,1,0,1,0,168,69,67,166.6,86.1,40.5,210.2,99.1,0.197,4.42,0,0,0,49.7,Anterior,1,0,1,1,1
61,0,20.6,0,0,1,0,152,93,62,167.7,66.4,48.8,105.8,98.0,0.126,3.32,0,0,0,69.5,Inferior,0,1,1,1,1
56,0,34.7,1,1,1,0,171,95,67,248.2,132.2,51.2,172.4,133.3,0.047,3.28,0,0,0,51.4,Lateral,0,1,0,1,1
67,1,26.3,0,0,1,0,122,87,64,128.2,71.1,35.0,198.6,76.3,0.201,14.05,0,1,0,42.4,None,1,0,0,1,1
35,0,26.8,0,0,1,0,123,101,81,272.9,180.2,47.0,102.7,122.5,0.054,4.4,0,0,1,60.0,None,0,0,0,0,0
60,1,24.9,0,0,1,1,117,88,61,190.6,112.8,37.5,78.5,132.5,0.024,4.24,0,0,0,64.6,None,0,0,0,0,0
66,1,26.5,1,0,1,1,144,71,89,172.6,95.8,38.7,168.5,77.1,0.021,2.9,0,1,0,52.8,None,1,0,0,1,1
42,0,34.3,1,0,1,0,139,89,83,236.1,128.3,40.8,71.7,93.3,0.595,7.26,1,1,0,69.8,Anterior,0,0,0,0,0
70,0,18.5,0,1,0,0,119,80,74,267.4,170.3,48.7,123.6,131.0,0.147,3.36,0,0,0,53.2,Lateral,0,1,0,1,1
62,1,33.7,0,0,0,1,134,71,74,251.9,171.5,40.8,206.6,86.6,0.018,2.91,0,0,0,49.6,None,0,0,0,0,0
54,1,29.4,0,0,0,1,141,83,67,226.1,151.6,43.9,153.7,118.7,0.447,6.11,0,0,0,53.6,Anterior,1,0,0,1,1
65,0,22.2,1,0,0,1,97,61,77,250.6,159.5,43.8,235.7,70.0,0.433,3.78,1,1,0,59.8,Apical,1,0,0,1,1
82,0,22.9,1,0,1,0,127,95,87,132.9,57.6,28.0,98.7,104.3,0.128,7.58,0,0,1,39.7,None,1,1,0,1,1
60,0,35.5,0,0,0,0,135,69,65,183.1,104.6,44.3,159.8,109.6,0.244,7.35,0,1,0,60.7,Anterior,1,0,1,1,1
61,1,23.5,0,1,1,0,129,76,55,166.7,129.2,40.6,217.0,137.2,0.335,11.91,1,0,1,37.9,Inferior,0,1,1,1,1
53,1,22.5,0,0,1,0,124,84,82,256.4,170.7,42.4,100.6,112.9,0.197,6.26,0,1,1,66.2,Lateral,1,1,0,1,1
49,1,33.0,1,0,0,0,138,82,77,188.9,90.3,34.1,221.7,98.0,0.128,4.69,0,0,0,65.3,Inferior,0,0,1,1,1
67,0,29.4,0,0,1,0,116,87,60,240.5,143.5,32.0,193.1,119.3,0.164,8.05,0,1,0,57.0,Inferior,0,0,1,1,1
49,1,23.5,1,0,1,0,132,78,65,227.5,141.9,46.2,76.5,70.0,0.383,5.4,1,0,0,52.6,None,1,0,0,1,1
59,1,28.8,0,0,0,1,127,72,63,168.8,89.8,37.3,162.9,88.0,0.174,5.36,0,1,0,59.4,Anterior,1,0,0,1,1
53,0,23.1,1,0,1,1,127,74,65,180.3,73.5,45.7,186.2,93.6,0.047,4.84,0,0,0,53.9,Lateral,0,0,0,0,0
63,1,32.9,1,0,1,0,149,83,70,259.3,157.1,37.2,132.5,70.0,0.026,3.53,0,0,0,49.8,None,0,0,0,0,0
62,0,32.7,1,0,0,1,112,88,70,172.4,91.6,43.9,83.6,73.3,0.028,6.84,0,0,0,55.3,None,0,1,0,1,1
69,0,30.2,0,0,0,0,144,77,66,210.2,114.4,39.5,180.3,78.7,0.122,2.66,0,0,0,58.6,Lateral,0,1,0,1,1
53,0,29.5,1,0,1,1,134,94,64,172.1,97.9,34.3,286.6,114.0,0.158,6.46,0,0,1,58.4,Inferior,1,0,1,1,1
55,1,35.9,0,0,0,0,132,92,71,191.8,113.1,44.7,143.7,80.9,0.024,2.94,0,0,0,69.6,None,0,0,0,0,0
48,1,27.8,0,0,0,0,133,72,76,203.1,121.7,34.0,251.3,78.6,0.117,5.95,1,0,0,64.1,Septal,1,1,0,1,1
53,0,22.4,0,0,0,0,111,76,70,172.1,90.0,45.6,123.6,111.3,0.566,14.52,1,1,1,63.3,Lateral,0,1,0,1,1
62,0,29.9,1,0,1,0,104,107,87,164.7,95.5,48.1,176.9,70.0,0.275,4.99,0,0,0,45.1,Apical,0,0,0,0,0
66,0,37.4,0,0,1,1,142,100,80,217.0,103.8,38.1,207.4,70.0,0.096,17.38,0,0,0,50.7,Septal,0,0,0,0,0
48,1,23.1,1,1,1,0,138,69,54,169.5,106.4,28.0,194.5,132.8,0.358,7.16,0,1,0,43.5,Anterior,1,0,0,1,1
67,0,26.1,1,0,0,0,130,81,80,171.0,59.8,68.3,148.6,70.0,0.634,10.31,0,0,1,51.5,Lateral,0,1,1,1,1
72,0,29.7,0,0,1,0,133,86,81,165.6,95.0,38.7,204.9,70.0,0.102,9.61,1,1,0,47.5,Inferior,1,0,0,1,1
62,0,27.6,0,0,0,0,115,86,68,201.7,134.8,50.2,269.0,106.5,1.04,11.38,1,0,0,55.0,Lateral,0,0,0,0,0
78,0,23.3,0,0,0,0,154,70,56,244.6,130.9,63.4,181.5,112.5,0.172,10.58,0,0,0,61.5,Lateral,0,1,0,1,1
50,0,33.0,0,0,0,1,98,69,74,268.3,171.7,51.9,136.6,110.8,0.033,5.29,0,0,0,61.8,None,0,0,0,0,0
45,1,38.5,0,0,0,1,133,71,73,174.5,122.0,37.0,154.6,117.2,0.026,2.9,0,0,1,66.1,None,0,0,0,0,0
39,1,28.7,0,0,1,1,127,80,60,295.3,127.6,39.3,303.6,119.8,0.032,3.42,0,0,0,45.2,None,0,0,1,1,1
74,1,23.6,1,0,1,1,131,94,56,162.8,95.4,31.7,172.4,70.0,0.27,9.13,1,0,1,53.5,Lateral,1,0,1,1,1
65,1,20.7,1,0,0,0,116,66,72,250.5,107.2,48.8,132.3,104.0,0.323,9.67,0,0,0,65.7,Lateral,1,1,0,1,1
57,1,29.0,0,0,1,1,124,79,71,174.7,103.0,45.7,102.0,84.4,0.294,4.6,0,0,0,70.0,Anterior,1,0,1,1,1
61,1,32.9,0,0,1,0,146,68,68,168.4,100.9,34.9,64.6,80.1,0.167,7.85,0,0,1,45.6,Anterior,0,1,0,1,1
46,1,30.0,0,0,1,1,159,96,72,173.7,67.0,29.6,185.0,106.2,0.069,14.41,0,0,0,55.2,Lateral,0,0,0,0,0
84,1,27.8,1,0,0,0,129,90,60,202.8,150.6,26.8,201.0,70.0,0.067,3.81,0,0,0,61.3,None,1,0,0,1,1
59,1,25.1,1,0,1,1,138,82,68,229.4,141.9,49.9,143.2,70.0,0.038,5.86,0,1,0,56.5,None,0,0,1,1,1
59,0,22.8,0,0,0,1,106,75,80,233.1,127.1,45.2,164.2,107.7,0.458,5.68,0,1,0,50.7,Anterior,0,1,0,1,1
66,0,31.6,0,0,1,1,145,90,69,165.4,121.2,46.1,100.6,104.8,0.074,5.27,0,1,1,40.6,Septal,1,0,1,1,1
63,1,32.0,1,0,0,1,156,92,53,163.4,71.1,31.8,172.3,97.7,0.1,5.22,0,1,1,50.4,Lateral,0,1,1,1,1
60,0,20.7,0,0,1,1,130,90,68,166.5,81.5,29.4,191.5,77.4,0.094,3.33,0,0,0,44.5,None,0,0,0,0,0
50,1,35.1,0,1,0,1,115,71,61,200.3,85.7,49.6,165.6,154.9,0.055,3.05,0,0,1,52.5,None,0,0,0,0,0
63,1,30.4,1,1,0,0,113,61,77,196.2,144.7,40.4,288.0,153.6,0.153,6.59,0,0,0,59.2,Inferior,0,0,1,1,1
78,1,34.2,0,0,1,0,129,74,77,165.1,104.0,49.1,119.0,96.7,1.887,11.34,0,1,1,42.9,Lateral,0,1,1,1,1
72,1,21.6,0,0,1,0,93,86,54,216.3,139.7,36.1,180.6,71.5,0.522,8.49,1,1,1,55.1,Inferior,1,1,1,1,1
75,0,21.5,1,0,1,0,143,79,83,300.0,184.5,41.6,211.7,86.5,0.349,7.5,0,0,0,59.8,Anterior,1,0,1,1,1
53,0,27.1,1,0,1,0,123,87,60,183.8,118.9,51.1,160.7,111.8,0.096,3.55,0,0,0,58.0,None,1,0,0,1,1
48,1,30.1,0,0,0,0,96,72,92,186.8,113.3,47.3,154.6,121.5,0.066,4.49,0,1,0,45.1,Septal,0,0,0,0,0
57,1,36.1,1,0,0,0,134,67,73,228.5,141.2,48.0,86.4,88.5,0.018,4.43,0,0,0,61.1,None,0,0,0,0,0
59,1,31.0,0,1,0,1,104,66,59,181.5,110.5,37.0,269.7,135.0,0.053,3.42,0,0,0,51.6,None,0,0,0,0,0
69,1,26.7,1,0,0,1,116,93,60,233.1,130.7,46.1,155.7,91.8,0.232,3.81,0,0,0,51.7,Lateral,1,0,0,1,1
40,1,23.1,0,0,1,0,160,94,78,174.8,104.2,51.1,194.6,100.5,0.117,17.9,1,1,0,53.6,Apical,0,1,0,1,1
74,1,33.5,1,0,1,0,114,103,69,281.9,173.2,39.0,202.0,83.4,0.091,6.79,1,0,0,53.7,Inferior,1,1,1,1,1
56,0,23.4,1,1,1,0,112,91,72,219.5,133.4,38.9,160.4,82.1,0.298,6.62,0,0,1,56.1,Inferior,0,0,1,1,1
54,0,35.3,0,0,1,0,141,81,93,179.0,85.2,57.4,154.1,118.9,0.081,5.18,0,0,0,70.0,None,0,0,0,0,0
47,1,26.5,1,0,1,1,155,99,65,180.3,88.0,33.5,238.4,130.9,0.049,3.93,0,0,0,58.9,None,0,0,0,0,0
41,0,35.1,1,0,0,0,96,77,74,183.4,126.3,50.3,103.6,82.8,0.024,2.9,0,0,0,70.0,None,0,0,0,0,0
67,1,30.9,1,1,0,0,128,80,91,262.7,153.0,39.4,312.0,118.7,0.456,9.15,1,0,0,49.9,Anterior,1,1,1,1,1
59,1,27.2,0,0,1,1,146,85,77,151.7,99.8,21.6,124.0,92.3,0.079,2.9,0,0,0,57.2,None,0,0,1,1,1
44,1,25.4,1,1,0,1,90,55,54,176.9,89.8,51.3,130.1,136.2,0.21,3.13,0,0,0,53.2,Septal,1,0,0,1,1
44,0,26.2,1,0,0,0,134,94,80,181.4,86.7,20.0,172.3,114.9,0.062,5.33,0,0,1,48.2,None,0,0,0,0,0
54,0,29.8,0,0,0,1,136,82,60,204.3,109.9,24.2,286.5,96.1,0.086,7.9,0,0,0,60.4,Anterior,0,0,0,0,0
76,1,28.2,1,0,1,0,132,89,90,193.6,112.8,45.3,60.0,79.1,0.891,7.11,1,1,1,37.1,Anterior,1,1,0,1,1
55,1,25.1,0,0,0,0,142,77,64,142.4,75.5,45.3,157.2,70.0,0.233,6.83,0,0,0,51.1,Inferior,0,0,1,1,1
42,0,27.0,0,0,1,0,155,87,109,188.2,132.3,37.6,191.2,112.3,0.02,2.91,0,0,0,58.9,None,0,0,0,0,0
55,1,28.2,0,1,1,0,138,80,91,200.8,123.2,41.5,196.9,152.0,0.221,6.52,0,1,0,61.6,Septal,1,1,0,1,1
55,0,18.5,0,0,0,0,114,84,64,178.6,134.9,20.0,186.0,116.2,0.067,6.83,0,0,0,69.4,Anterior,1,1,0,1,1
30,1,29.9,1,0,1,0,121,72,74,233.8,146.3,47.1,125.5,75.6,0.332,4.89,0,0,1,56.1,Inferior,1,0,1,1,1
57,1,23.3,0,0,1,1,136,87,83,243.6,110.0,42.5,132.0,131.8,0.282,4.07,0,0,1,59.2,Inferior,0,0,0,0,0
56,1,22.5,1,0,1,1,146,91,83,201.7,136.9,39.5,156.8,70.0,0.077,6.44,0,1,1,65.9,None,0,0,0,0,0
65,0,20.0,0,0,1,0,131,84,79,214.7,106.2,44.2,102.9,109.2,0.457,5.26,0,1,1,47.4,Inferior,0,1,0,1,1
77,1,19.5,0,0,0,0,90,81,89,114.2,72.0,44.9,162.5,70.0,0.066,7.0,0,0,0,56.2,Anterior,1,0,0,1,1
70,0,21.6,0,0,1,1,157,76,72,187.3,100.8,43.7,143.6,79.2,0.214,4.5,0,1,1,46.4,Septal,1,1,0,1,1
55,1,24.5,0,0,0,0,125,68,69,247.2,180.5,21.3,139.1,126.2,0.614,4.48,0,0,0,56.6,Septal,0,0,0,0,0
46,0,36.8,1,1,1,1,130,88,69,187.2,133.9,66.0,212.6,156.6,0.031,4.23,0,1,0,48.3,None,0,0,0,0,0
85,0,25.4,1,0,1,0,150,92,84,174.0,93.3,56.0,64.9,84.1,0.076,4.67,1,0,0,56.5,None,1,0,1,1,1
59,0,28.6,1,1,1,0,161,67,78,300.7,178.5,31.2,182.4,129.6,0.061,2.83,0,1,1,56.4,None,0,0,0,0,0
58,1,29.6,0,0,0,0,90,83,77,281.4,172.5,36.5,292.5,97.0,0.068,10.49,1,0,1,65.1,Apical,0,0,1,1,1
58,1,28.4,0,0,0,0,128,72,83,224.6,147.7,37.6,105.3,105.3,0.153,2.54,0,0,0,60.8,None,1,0,0,1,1
60,1,27.4,0,0,0,0,99,76,49,252.8,152.1,50.8,235.7,120.0,0.066,6.6,0,0,0,59.4,Inferior,0,0,0,0,0
56,0,22.3,0,0,0,0,129,64,77,111.5,51.5,22.4,168.0,85.9,0.416,3.83,1,1,0,70.0,Inferior,0,0,0,1,1
52,1,34.5,0,1,0,0,124,69,76,171.9,92.4,35.0,161.8,107.8,0.278,13.83,1,1,0,39.8,Inferior,0,0,1,1,1
52,1,36.1,1,0,0,0,132,87,94,185.3,111.1,22.4,92.4,98.1,0.016,4.21,0,0,1,70.0,None,0,0,0,0,0
58,1,20.1,0,0,0,0,114,78,55,195.1,135.6,37.1,172.7,85.9,0.515,13.57,1,0,0,55.7,None,0,0,1,1,1
52,1,23.1,1,1,1,0,107,82,92,184.4,117.1,35.3,274.9,114.0,0.239,7.72,0,1,1,56.6,Anterior,0,1,1,1,1
51,0,26.5,0,0,0,0,114,76,74,110.0,54.4,44.8,143.6,101.0,0.036,3.86,0,0,0,55.4,None,0,0,0,0,0
59,1,23.4,0,0,1,0,143,90,79,221.2,142.4,34.0,160.5,90.7,0.016,3.2,0,0,1,52.4,None,0,0,0,0,0
55,0,30.1,1,0,1,0,153,90,94,227.8,130.9,36.5,220.6,101.1,0.034,6.58,0,0,1,61.9,None,0,0,0,0,0
74,1,24.4,0,1,1,0,118,85,80,272.3,176.7,46.2,213.7,122.1,0.768,7.23,1,0,0,55.3,Anterior,1,0,1,1,1
30,1,37.8,1,0,1,1,153,96,78,171.9,141.0,44.5,78.5,104.7,0.056,3.81,0,0,0,61.8,None,0,0,0,0,0
69,1,33.3,0,0,0,0,111,87,76,168.5,95.7,45.5,170.4,70.0,0.322,5.52,1,0,0,48.7,None,0,1,0,1,1
71,1,28.8,0,0,1,1,142,90,68,110.0,78.0,38.2,248.2,78.4,0.023,3.51,0,0,0,70.0,None,0,0,0,0,0
36,1,32.5,1,1,0,0,113,78,73,192.7,104.4,34.3,193.0,135.1,0.452,10.47,1,0,0,61.6,None,0,0,1,1,1
54,0,32.9,0,0,0,0,124,84,65,242.8,144.0,42.8,60.0,129.8,0.027,3.49,0,0,0,65.5,None,0,0,0,0,0
54,1,25.2,0,0,1,0,151,89,73,179.3,108.0,45.0,186.4,110.7,0.035,2.81,0,1,1,55.2,None,0,0,0,0,0
43,0,24.0,1,0,0,1,102,88,48,295.0,174.1,22.2,154.1,116.5,0.156,5.53,0,0,0,53.0,Inferior,0,0,0,0,0
50,1,28.2,0,1,1,0,126,94,79,194.2,153.5,43.9,94.4,168.3,0.016,2.63,0,1,0,49.8,None,0,0,0,0,0
46,1,31.8,1,1,0,0,124,67,72,211.2,122.1,43.1,102.6,212.1,0.308,13.38,0,0,1,60.7,Septal,0,0,0,0,0
76,0,28.4,1,1,0,0,160,67,69,147.7,97.4,44.6,248.6,140.8,0.271,3.12,0,1,1,39.1,None,0,1,0,1,1
68,1,20.5,1,0,0,0,108,70,76,217.1,101.3,38.5,124.7,123.4,0.688,11.34,0,1,0,44.5,Septal,1,1,0,1,1
71,1,24.1,0,0,0,0,154,87,56,121.9,79.6,20.0,115.1,115.3,0.155,8.3,0,1,0,57.3,Lateral,1,0,0,1,1
66,1,27.5,0,0,0,0,154,62,97,234.1,157.6,35.6,163.0,114.9,0.395,7.86,1,0,0,55.6,Inferior,1,0,1,1,1
46,1,27.5,1,1,0,0,120,81,72,235.4,133.3,57.9,159.6,175.5,0.343,10.21,0,0,0,45.8,Septal,1,1,0,1,1
52,0,36.9,0,0,0,0,117,81,72,262.1,119.6,44.1,170.5,86.6,0.018,3.24,0,0,0,49.3,None,0,0,0,1,1
63,1,21.4,0,0,1,0,125,97,62,162.2,96.7,36.9,153.9,85.0,0.107,7.35,0,0,1,69.5,None,0,1,0,1,1
45,0,30.1,0,1,0,1,120,79,74,211.7,127.3,44.2,129.0,146.4,0.076,7.83,0,0,0,54.9,None,0,0,0,0,0
65,0,34.6,0,0,1,1,114,72,90,228.7,148.1,47.5,136.9,91.3,0.017,2.81,0,1,1,47.1,None,0,0,0,0,0
55,1,38.2,0,0,0,0,120,68,86,223.6,164.3,46.6,189.4,101.4,0.02,5.17,0,0,0,47.7,None,0,0,0,0,0
54,0,25.9,1,0,1,1,160,74,84,168.7,95.5,41.7,167.3,126.3,0.08,3.17,0,0,0,55.1,Anterior,0,0,0,0,0
65,1,30.1,1,0,0,1,112,72,80,110.0,53.2,44.2,160.5,85.4,0.023,2.89,0,1,0,63.9,None,0,0,0,0,0
63,0,30.4,0,1,0,0,118,76,69,219.6,114.3,60.8,301.6,133.9,0.097,2.63,0,0,0,56.8,None,0,0,0,0,0
54,1,28.7,0,0,0,0,94,66,56,198.6,122.1,50.1,205.2,98.5,0.057,2.76,0,0,0,67.1,None,0,0,0,0,0
70,0,27.3,0,0,0,1,127,92,71,181.2,115.9,67.4,211.9,90.4,0.314,8.26,0,1,0,41.1,Inferior,1,0,0,1,1
47,1,29.8,1,0,1,0,141,72,71,237.1,134.1,33.4,155.9,70.0,0.835,16.51,1,1,0,59.8,Apical,1,0,1,1,1
64,1,18.5,0,0,0,0,123,91,86,203.1,133.5,56.8,177.1,83.4,0.227,7.21,0,0,0,69.4,Anterior,0,0,0,0,0
64,0,30.9,1,0,1,1,133,97,77,149.6,96.7,36.1,141.3,108.7,0.076,13.28,0,0,1,68.7,Anterior,0,0,0,0,0
55,0,28.4,0,0,0,0,117,86,93,123.9,75.0,47.5,207.8,123.8,0.046,7.69,0,0,0,60.9,None,0,0,0,0,0
61,1,26.8,1,0,0,1,130,71,88,157.6,81.0,47.3,158.9,71.9,0.187,5.5,0,0,0,70.0,Lateral,0,0,0,0,0
45,1,37.2,0,0,1,1,136,89,68,305.5,176.1,34.9,177.2,71.8,0.02,2.6,0,0,1,62.9,None,0,0,0,0,0
68,0,24.7,1,0,0,1,127,65,52,235.4,104.8,44.9,173.8,95.6,0.121,7.45,0,0,0,61.3,Apical,0,0,1,1,1
56,0,25.9,0,0,1,0,140,95,90,212.9,131.3,53.1,164.0,70.0,0.033,5.78,0,0,0,58.4,None,0,1,0,1,1
53,0,37.0,1,1,0,0,139,77,90,197.4,118.8,36.9,356.6,131.1,0.023,4.88,0,0,0,45.8,None,0,0,0,0,0
69,0,24.0,0,0,1,0,147,81,57,194.6,119.6,60.7,128.3,70.0,0.159,4.4,0,1,0,46.0,Apical,0,0,0,0,0
51,0,25.3,1,1,0,0,125,65,92,254.0,160.0,30.2,157.8,167.4,0.066,3.39,0,0,0,53.5,Septal,0,0,0,0,0
43,0,27.1,1,0,1,0,161,61,78,184.4,116.4,63.4,203.2,79.6,0.668,9.72,1,0,1,56.3,Inferior,0,0,1,1,1
42,1,31.7,0,0,1,0,143,75,75,229.2,135.9,50.0,132.3,128.1,0.085,9.21,0,1,1,43.9,None,0,0,0,0,0
64,1,28.8,1,0,0,0,142,89,93,190.4,115.0,39.1,149.0,117.3,0.294,3.96,0,1,0,49.8,Inferior,0,0,0,0,0
45,0,21.9,0,0,0,0,131,73,90,286.5,150.8,40.0,105.2,82.1,0.021,3.13,0,0,0,55.5,None,0,0,0,0,0
76,0,25.4,0,0,0,0,92,76,81,236.2,133.0,38.9,192.0,73.6,0.027,3.79,0,1,0,58.8,None,0,0,0,0,0
36,1,25.0,0,0,1,1,157,92,79,257.3,155.1,38.6,192.7,91.1,0.056,4.46,0,0,0,57.9,None,0,0,0,0,0
76,1,27.4,0,1,0,1,124,96,81,180.5,97.3,39.5,177.7,137.9,0.07,12.0,0,0,0,46.4,Anterior,1,0,1,1,1
60,0,29.8,1,0,0,1,121,91,69,249.4,162.5,56.6,204.3,101.9,0.069,3.34,0,0,0,50.1,Inferior,0,0,1,1,1
57,1,29.7,1,0,0,0,126,68,73,191.9,105.3,59.7,62.8,79.5,0.019,3.82,0,0,0,58.2,None,0,0,0,0,0
52,1,19.6,0,1,0,1,116,58,63,209.6,129.0,42.0,156.1,154.9,0.379,5.05,1,1,1,62.6,Septal,1,0,0,1,1
62,1,32.7,0,0,1,1,140,109,70,273.7,166.0,31.5,155.7,100.3,0.07,2.69,0,0,0,59.2,None,0,0,0,0,0
58,1,29.0,1,1,1,0,127,108,69,161.2,107.9,34.5,130.5,133.2,0.16,8.17,0,0,0,39.9,None,1,0,0,1,1
70,1,34.2,1,0,0,0,142,79,66,213.5,141.6,38.2,68.8,80.8,0.573,12.93,1,0,0,43.0,Inferior,1,0,1,1,1
59,1,29.8,0,1,1,0,135,73,75,223.4,144.5,29.7,178.1,136.3,0.661,24.09,1,1,1,56.7,Lateral,0,1,0,1,1
60,1,32.9,1,0,1,0,130,95,70,226.8,104.5,28.2,203.2,78.7,0.429,3.24,0,0,1,56.2,Apical,0,1,1,1,1
54,0,29.9,0,0,0,0,107,76,80,186.1,129.6,65.0,235.5,96.2,0.161,10.58,1,0,0,57.4,Lateral,0,0,0,0,0
57,1,34.0,0,0,0,0,126,76,54,292.6,198.5,43.0,134.9,96.7,0.024,2.71,0,0,0,53.1,None,0,0,0,0,0
61,0,30.2,1,0,1,1,139,94,72,150.6,83.1,35.7,205.3,100.2,0.052,11.59,0,0,0,62.0,Apical,0,0,0,0,0
40,0,27.3,0,0,1,0,143,89,75,266.3,163.3,52.2,200.0,130.3,0.066,3.21,1,0,0,55.6,Septal,0,0,0,0,0
44,1,38.3,0,0,1,0,120,74,70,256.0,140.2,28.2,232.0,92.4,0.034,2.67,0,0,0,56.5,None,0,0,0,0,0
66,0,31.9,0,0,0,1,96,74,71,284.8,141.7,33.0,145.7,115.1,0.129,4.58,0,1,0,46.2,Anterior,0,1,0,1,1
60,1,30.4,1,0,0,0,132,84,54,138.3,71.9,32.0,66.1,99.6,0.252,5.16,0,1,0,65.4,Anterior,1,0,0,1,1
56,0,21.9,1,1,0,1,145,83,78,168.5,93.0,60.5,198.9,135.2,0.119,4.58,0,1,0,50.2,Anterior,1,0,1,1,1
58,1,21.9,0,1,1,0,120,88,81,267.7,155.3,37.5,139.2,137.6,0.08,11.58,0,1,0,56.9,Apical,1,1,1,1,1
62,0,29.1,0,0,1,1,162,95,79,126.2,61.3,20.0,125.2,93.8,0.056,3.1,0,1,1,48.5,None,0,1,0,1,1
52,1,28.5,0,0,1,0,141,82,86,137.5,71.5,52.1,148.4,100.6,0.045,6.53,0,0,1,70.0,Inferior,1,0,0,1,1
50,1,25.0,0,1,0,0,121,79,76,184.5,110.5,36.9,176.4,120.8,0.019,5.83,0,0,1,62.2,None,0,0,0,0,0
60,1,28.4,0,0,0,0,115,55,79,213.1,116.3,21.5,172.8,70.0,0.13,6.16,0,0,0,42.7,Anterior,1,0,0,1,1
48,0,35.1,1,1,0,1,99,73,75,271.9,171.3,40.8,233.7,153.1,2.061,3.62,1,0,0,45.6,Lateral,0,0,1,1,1
62,0,31.0,0,1,0,1,137,85,82,197.2,128.5,49.2,174.8,158.0,0.076,9.54,0,0,0,55.8,None,0,0,0,0,0
40,1,22.6,0,0,0,0,109,74,55,179.5,143.4,44.0,186.8,109.9,0.119,2.81,0,0,0,47.4,None,0,0,0,0,0
69,0,27.3,0,1,0,1,109,73,63,218.1,147.7,62.0,195.8,143.1,0.6,14.2,1,0,0,45.9,Apical,0,0,0,0,0
63,1,24.1,0,0,0,0,137,67,93,224.7,138.5,31.5,216.5,110.3,0.192,7.14,0,0,0,61.4,Lateral,1,0,0,1,1
61,0,26.0,1,0,1,0,106,96,48,223.5,124.8,44.5,154.6,109.3,0.747,4.95,1,0,0,56.5,Anterior,1,1,1,1,1
68,1,25.9,0,0,1,1,112,91,72,197.5,122.9,33.0,160.7,110.8,0.027,4.32,0,0,0,57.3,None,0,1,0,1,1
75,0,25.6,0,0,0,0,121,86,88,122.9,78.6,28.6,144.4,77.8,0.625,5.45,0,0,0,47.5,Anterior,0,0,0,0,0
69,1,22.0,0,1,0,0,126,60,72,166.5,92.2,48.9,186.1,118.1,0.54,8.67,0,1,0,29.0,Lateral,1,1,0,1,1
39,1,27.2,0,0,0,1,129,76,69,264.7,170.6,44.6,121.9,87.2,0.107,7.13,0,0,0,65.9,Lateral,0,0,0,0,0
45,1,25.2,0,0,1,1,132,83,75,212.9,106.8,42.8,116.5,94.7,0.017,7.61,0,1,0,65.8,None,0,0,1,1,1
51,1,18.5,0,0,1,1,177,83,69,191.5,111.2,44.3,207.7,90.2,0.461,12.76,0,0,0,70.0,Inferior,0,0,1,1,1
58,1,37.2,0,1,1,1,133,79,74,252.0,159.5,33.1,135.4,102.5,0.231,4.13,0,0,1,34.3,None,0,0,1,1,1
63,1,32.8,0,1,1,0,133,82,65,157.5,90.2,29.9,177.4,174.4,0.062,2.69,0,0,0,58.0,None,0,1,0,1,1
50,0,26.1,0,0,0,1,109,86,87,195.5,114.2,44.4,220.8,89.5,0.524,4.37,0,0,0,42.3,Anterior,0,0,1,1,1
60,1,27.9,0,0,0,0,123,58,91,210.8,124.4,51.6,145.6,98.5,0.162,3.85,0,0,0,70.0,None,0,0,0,0,0
50,1,22.4,1,0,0,1,131,95,72,186.5,99.4,56.1,210.6,119.9,0.018,5.53,0,0,0,61.9,None,0,0,0,0,0
52,1,35.6,0,0,0,0,141,82,57,209.2,143.1,48.0,132.5,70.0,0.181,9.77,1,0,0,50.4,Inferior,0,0,1,1,1
43,1,36.5,0,0,1,0,113,85,67,197.1,103.0,40.3,107.2,84.8,0.169,14.58,0,1,1,64.2,Anterior,1,0,0,1,1
48,1,28.5,0,0,0,0,118,87,71,146.2,92.5,42.7,77.3,87.3,0.067,4.14,0,0,0,53.6,Lateral,0,0,0,0,0
44,1,32.5,0,0,0,0,129,63,80,212.6,133.8,40.1,237.2,88.3,0.117,2.85,0,1,0,60.4,Inferior,0,0,0,0,0
48,1,28.6,1,0,0,0,131,71,61,149.2,75.3,29.7,102.5,91.5,0.246,2.73,0,0,0,59.6,Inferior,0,0,1,1,1
69,1,21.7,0,1,1,1,137,84,64,212.0,128.3,40.2,236.1,168.9,0.026,3.86,0,0,0,61.0,None,0,0,0,0,0
48,1,25.9,1,0,0,1,130,91,80,262.7,144.0,26.7,110.0,108.5,0.139,3.66,0,0,0,70.0,None,0,0,0,0,0
85,1,28.4,0,0,1,0,124,85,85,193.2,136.8,38.8,237.5,114.2,0.767,9.25,1,1,0,48.2,Inferior,1,0,1,1,1
63,1,25.7,0,0,0,1,146,82,66,155.8,76.4,56.4,286.4,95.9,0.03,3.08,0,0,0,66.5,None,0,0,0,0,0
60,1,26.8,1,1,0,0,137,72,58,199.7,110.0,48.2,102.2,112.0,0.109,2.78,0,1,0,54.8,Lateral,1,1,0,1,1
49,0,27.4,0,1,0,0,100,82,113,170.1,83.7,34.8,135.3,98.4,0.548,4.6,0,0,0,40.7,Anterior,1,0,0,1,1
65,1,27.4,0,1,1,0,119,102,83,230.0,117.6,39.3,237.5,109.4,0.258,8.37,1,0,0,46.4,None,0,0,0,0,0
52,0,28.0,0,0,0,1,105,87,70,198.8,143.1,35.7,193.2,102.2,0.12,8.17,0,1,0,70.0,Inferior,0,0,1,1,1
59,1,22.9,1,1,1,1,147,85,84,276.8,174.2,39.4,237.7,140.6,0.201,11.03,1,0,1,54.9,Septal,1,0,1,1,1
85,0,24.5,0,0,0,0,101,84,72,253.8,154.4,54.4,133.4,90.8,0.022,5.62,0,0,0,61.0,None,0,0,0,0,0
57,0,21.9,1,0,0,0,116,83,84,198.6,109.3,50.5,274.3,87.6,0.074,3.46,0,0,0,56.3,None,0,0,0,0,0
70,1,32.3,0,1,1,0,144,91,75,235.1,154.7,64.8,201.5,180.2,0.274,13.53,0,0,0,42.7,Lateral,1,1,0,1,1
51,0,18.5,1,0,0,0,120,89,75,188.5,100.7,55.9,98.1,78.5,0.15,3.14,0,0,0,58.2,None,0,0,0,0,0
58,1,33.1,0,0,1,0,141,97,72,206.4,135.7,42.0,151.1,113.6,0.019,3.86,0,0,0,55.9,None,0,1,0,1,1
77,1,34.2,1,0,1,0,119,84,56,189.8,100.8,46.8,98.8,95.0,0.031,9.57,0,0,1,41.1,None,1,0,0,1,1
51,0,26.4,0,0,0,1,131,84,97,237.2,132.7,42.0,252.5,93.8,0.037,6.37,0,0,0,50.0,Anterior,0,0,0,0,0
77,0,18.5,1,1,1,1,127,82,62,265.2,170.5,32.7,158.7,163.5,0.145,5.73,1,1,0,52.7,Anterior,1,1,1,1,1
65,1,26.1,0,0,0,0,116,68,57,238.5,156.1,53.1,192.1,124.3,0.029,4.73,0,0,1,55.0,Anterior,1,0,1,1,1
52,1,27.5,0,0,0,0,125,75,71,243.7,155.2,50.1,139.1,90.2,0.434,30.09,1,0,1,58.2,Septal,0,1,0,1,1
65,1,23.2,0,0,0,0,123,77,62,243.8,130.5,37.6,131.2,111.0,0.399,15.86,1,1,0,59.9,Lateral,0,0,1,1,1
68,1,25.4,0,0,1,1,137,69,73,228.2,130.2,42.7,60.0,102.3,0.098,4.93,0,0,1,55.5,Apical,1,0,1,1,1
65,0,34.8,0,0,0,1,109,86,82,157.1,96.6,56.4,197.9,95.1,0.049,10.73,0,0,0,67.2,Anterior,0,0,0,0,0
42,1,30.9,1,0,1,1,132,58,85,276.4,153.1,48.5,236.5,99.1,0.017,2.8,0,1,1,49.2,None,0,0,0,0,0
50,1,23.5,1,0,1,0,137,113,83,280.8,189.0,25.4,114.6,81.2,0.528,3.14,0,0,1,62.6,Apical,1,1,1,1,1
55,1,20.5,0,0,1,1,114,101,70,195.2,81.1,42.4,80.0,88.9,0.03,3.06,0,0,0,64.0,None,0,0,0,0,0
57,1,26.3,1,1,1,0,129,83,74,189.4,102.0,38.3,239.2,128.4,0.164,7.74,0,0,0,59.9,Lateral,0,1,1,1,1
65,1,26.8,0,0,0,0,128,78,78,230.7,130.8,51.1,74.5,113.0,0.019,3.49,0,0,0,46.7,None,0,0,0,0,0
60,0,30.1,0,0,0,0,101,81,52,228.1,94.2,54.3,232.1,93.1,0.175,7.75,0,0,0,60.0,Lateral,0,0,0,0,0
44,0,25.3,1,0,0,0,140,72,80,196.5,97.0,57.2,115.3,70.0,0.032,3.88,0,0,0,70.0,Septal,0,0,0,0,0
62,0,30.2,1,0,1,1,157,87,56,152.5,100.9,32.8,104.3,80.5,0.018,5.32,0,0,1,57.2,None,0,0,0,1,1
64,1,36.7,1,1,1,1,117,84,98,217.8,131.1,32.2,208.7,76.0,0.023,4.33,0,0,0,55.9,None,1,0,0,1,1
64,0,31.6,0,1,1,0,158,85,69,228.2,160.5,55.1,137.9,130.1,0.107,2.7,0,0,0,58.2,None,0,0,0,0,0
69,0,27.6,1,0,1,0,134,87,71,235.5,164.5,38.1,126.1,95.8,0.305,6.62,0,0,1,44.8,Anterior,1,1,0,1,1
67,0,27.0,0,1,1,0,143,72,64,219.7,138.3,28.8,214.5,137.3,0.066,2.75,0,0,0,61.7,None,0,0,0,0,0
63,1,26.2,0,0,0,0,114,78,66,193.6,120.9,45.3,60.0,134.6,0.13,12.87,0,0,0,62.0,Inferior,0,0,1,1,1
57,1,33.2,0,0,1,0,151,87,101,246.7,149.0,34.5,255.3,106.5,0.085,2.94,1,0,0,62.2,None,1,0,0,1,1
41,1,24.9,1,0,1,1,143,87,85,207.8,84.9,57.9,167.4,105.6,0.155,9.4,0,0,0,44.7,None,0,0,0,0,0
63,1,28.0,1,0,0,1,108,75,55,185.5,90.4,43.0,93.9,70.0,0.061,3.96,0,0,0,64.4,Anterior,1,1,0,1,1
60,1,28.0,1,0,1,0,118,97,92,197.4,120.0,41.6,109.1,87.7,0.064,3.56,0,0,1,62.1,Anterior,0,0,0,0,0
61,1,25.5,0,1,0,1,98,74,88,131.7,88.3,36.3,249.5,130.3,0.06,2.75,0,0,0,65.0,None,0,0,0,0,0
45,1,21.5,0,0,1,0,140,88,70,197.3,122.7,55.9,198.1,79.3,0.477,6.68,0,1,1,55.5,Inferior,0,0,1,1,1
47,0,29.3,0,1,1,0,146,98,77,233.9,127.0,47.6,271.3,124.0,0.82,9.64,0,0,1,44.1,Septal,1,0,0,1,1
69,1,27.5,0,1,1,0,147,85,73,219.3,145.6,35.9,157.4,103.8,0.052,5.53,0,1,1,41.5,None,1,0,0,1,1
58,1,30.1,0,0,0,0,120,80,97,268.9,183.6,32.1,181.3,70.0,0.019,2.81,0,1,0,54.0,None,1,1,0,1,1
65,0,25.3,1,0,1,1,118,85,64,194.0,130.5,43.3,188.5,112.5,0.178,9.75,0,0,0,49.0,Lateral,0,0,0,0,0
58,0,33.4,0,0,1,0,126,98,75,225.5,150.1,34.2,203.2,92.1,0.451,3.74,1,0,1,68.3,None,0,0,0,0,0
58,0,23.8,0,1,0,0,140,75,68,238.3,134.6,54.3,257.0,129.9,0.02,3.03,0,0,0,62.6,None,0,0,0,0,0
68,0,35.7,0,0,1,0,129,98,56,303.4,198.2,25.9,125.6,94.9,0.337,8.31,0,0,0,51.4,Inferior,1,0,0,1,1
53,1,19.8,0,0,1,1,139,84,100,211.1,128.8,38.6,158.7,118.3,0.021,2.94,0,1,1,54.9,None,0,0,0,0,0
59,0,29.8,0,0,1,0,119,77,59,161.1,104.3,50.1,131.4,95.1,0.068,5.76,0,1,1,43.5,None,0,0,0,0,0
53,1,30.0,1,0,0,1,127,84,76,240.6,149.8,43.4,162.1,105.8,0.109,4.57,1,0,0,63.6,Apical,1,0,1,1,1
53,1,24.1,1,0,0,1,114,74,53,283.4,168.2,32.8,203.4,78.1,0.038,2.64,0,0,0,70.0,None,1,0,0,1,1
55,1,29.8,1,0,1,0,153,92,69,191.5,102.0,46.6,74.0,82.6,0.414,29.0,1,0,0,52.9,Septal,0,1,0,1,1
60,1,33.7,0,0,0,0,134,55,79,240.3,142.9,31.1,226.0,102.1,0.021,3.76,0,0,0,57.1,None,0,0,0,0,0
53,1,18.5,0,0,0,1,114,78,64,256.6,168.8,39.8,102.3,132.9,0.236,5.06,0,0,0,61.5,Lateral,1,0,0,1,1
71,0,30.1,0,0,1,0,134,81,81,247.7,142.0,50.5,148.1,123.6,0.494,4.21,1,0,1,66.8,Anterior,1,1,1,1,1
49,0,18.5,1,0,0,1,113,67,70,210.3,139.6,48.6,233.4,106.7,0.026,2.84,0,0,1,59.6,None,0,0,0,0,0
56,1,23.4,1,0,1,0,114,80,87,175.7,116.5,33.2,183.0,98.0,0.423,4.3,0,0,0,59.6,Inferior,1,0,1,1,1
53,1,35.3,0,0,0,0,108,72,90,201.6,116.5,52.0,183.7,123.0,0.198,5.84,0,1,0,59.4,Septal,0,1,0,1,1
73,0,25.1,0,0,0,1,125,77,66,224.3,155.4,44.9,100.1,110.9,0.412,5.65,0,0,0,41.6,None,0,1,0,1,1
60,0,22.4,0,0,0,1,127,64,74,243.1,140.5,51.4,107.6,70.0,0.413,6.24,0,0,0,46.4,Inferior,0,0,0,0,0
69,1,26.9,1,0,0,1,124,81,76,219.0,154.0,55.3,216.8,73.9,0.051,10.09,0,0,0,46.5,Anterior,1,0,1,1,1
42,0,37.3,1,0,1,1,132,99,81,189.0,119.9,55.2,132.6,101.8,0.094,5.59,0,0,0,66.1,Lateral,0,0,0,0,0
61,1,19.4,0,0,1,1,151,88,74,228.3,136.7,51.2,137.8,70.0,0.041,8.74,0,0,0,55.3,Inferior,0,0,0,0,0
67,1,23.0,0,0,0,1,123,86,76,241.1,131.3,41.9,218.0,77.0,0.051,3.91,0,0,0,48.8,None,0,0,0,0,0
59,0,34.7,0,0,0,1,133,88,71,220.9,131.2,51.9,107.3,81.0,0.035,8.85,0,0,0,53.6,None,1,0,0,1,1
69,1,36.3,0,1,0,0,93,90,75,169.9,98.9,42.1,209.8,134.9,1.02,6.36,1,1,0,45.9,Anterior,1,0,0,1,1
53,1,27.3,0,1,0,0,90,96,89,197.4,99.6,27.9,197.4,134.3,0.13,6.83,1,0,0,65.6,Septal,1,0,0,1,1
73,0,22.1,0,1,0,1,126,73,81,244.8,143.6,47.0,194.9,134.2,0.039,2.7,0,0,0,45.8,None,0,0,0,0,0
82,0,37.4,1,1,1,0,114,78,82,146.9,76.1,46.6,166.5,156.5,2.465,16.71,1,0,0,40.7,Inferior,0,0,1,1,1
54,1,35.1,1,0,1,0,133,93,82,117.1,79.0,45.8,133.1,89.7,0.282,5.31,1,0,1,58.2,None,0,0,0,0,0
53,1,30.9,0,0,1,0,132,93,72,268.3,180.6,38.7,105.7,87.3,0.07,8.24,0,1,1,70.0,Inferior,0,1,0,1,1
73,1,24.1,1,0,0,0,147,85,77,226.5,117.5,32.4,191.5,70.0,0.361,7.53,1,0,0,49.0,Inferior,1,0,0,1,1
75,0,27.6,0,0,1,0,143,104,60,230.5,164.0,50.6,128.3,115.5,0.114,8.46,0,1,0,43.6,Inferior,0,0,1,1,1
53,1,27.1,0,0,1,0,139,86,89,159.8,94.0,26.9,218.3,81.6,0.033,8.26,1,1,1,54.0,Septal,1,0,0,1,1
54,1,29.3,0,1,1,1,150,90,48,236.0,127.0,54.6,182.6,118.3,0.057,4.54,0,0,0,53.0,None,0,0,0,0,0
55,0,34.5,0,0,0,0,127,68,72,216.6,141.3,41.7,106.8,99.3,0.088,3.24,0,0,0,63.5,None,0,0,0,0,0
44,1,31.8,0,0,1,0,129,107,87,138.5,76.4,42.5,151.9,79.7,0.284,5.81,0,1,1,66.1,Apical,0,0,0,0,0
48,1,22.8,0,0,1,0,154,82,57,264.8,157.7,45.6,142.4,84.5,0.023,5.62,0,0,0,49.6,None,0,0,0,0,0
47,1,34.1,0,0,1,0,119,82,78,211.7,121.0,45.9,220.5,100.2,0.244,7.44,0,0,0,50.4,Inferior,1,1,1,1,1
50,0,29.2,1,0,0,0,127,74,65,188.4,100.8,29.9,144.7,88.5,0.026,5.86,0,0,0,55.4,Inferior,0,0,1,1,1
58,1,31.0,0,1,0,1,97,71,69,189.1,124.3,48.2,179.8,186.2,0.017,2.89,0,0,0,57.5,Inferior,0,0,0,0,0
60,1,34.5,0,0,0,0,125,70,85,120.4,67.9,43.0,242.6,93.5,0.047,2.64,0,0,0,47.9,None,0,0,1,1,1
74,0,22.7,0,1,0,1,125,72,76,229.9,116.4,37.6,223.0,152.4,0.056,7.39,0,0,0,42.1,None,0,0,0,0,0
48,1,27.6,1,0,1,0,163,72,49,216.0,137.9,32.5,256.4,70.0,0.098,6.15,0,1,1,53.3,Inferior,0,0,1,1,1
68,1,25.4,0,1,0,0,96,70,62,196.8,100.0,36.7,264.2,122.8,0.053,3.03,0,0,0,54.5,None,1,1,0,1,1
56,1,20.6,1,0,0,0,112,97,85,258.7,137.9,27.0,116.2,73.3,0.738,6.27,0,1,1,62.2,Inferior,0,0,0,0,0
57,1,29.4,0,0,0,0,135,85,79,146.9,106.0,57.2,219.4,75.9,0.088,4.07,0,0,0,65.2,Anterior,1,0,0,1,1
65,1,39.4,0,0,0,1,127,87,94,179.9,90.0,54.9,248.9,103.3,0.047,6.06,0,0,0,68.7,None,1,0,1,1,1
46,1,19.3,0,1,0,1,124,89,94,169.3,66.8,44.5,279.3,160.7,0.095,3.01,0,0,0,49.6,None,0,0,0,0,0
62,1,27.7,0,1,1,0,121,104,69,193.3,125.3,37.8,249.3,146.9,0.756,4.55,0,0,0,42.5,Septal,1,0,0,1,1
60,1,30.7,0,0,1,0,127,68,104,207.8,120.1,38.0,218.2,90.5,0.485,12.54,1,1,1,48.6,Anterior,1,0,0,1,1
63,0,28.4,0,0,0,0,141,65,74,223.1,130.6,51.6,148.4,82.4,0.56,14.95,0,0,0,43.3,Anterior,1,0,0,1,1
61,0,27.3,0,1,0,0,121,69,62,190.4,109.5,61.6,148.9,162.3,0.098,26.43,1,0,0,48.3,Septal,0,0,0,0,0
84,0,21.8,0,0,0,1,128,73,66,168.2,104.4,38.3,145.6,136.4,0.078,16.2,1,0,0,49.9,Inferior,0,0,1,1,1
51,0,28.9,0,0,0,0,120,74,48,275.8,154.2,32.8,73.4,97.7,0.04,19.35,0,0,0,64.3,Apical,0,0,0,0,0
52,1,24.3,1,0,1,1,118,81,93,306.3,205.9,55.5,238.9,113.8,0.061,2.91,0,0,0,58.1,None,1,0,0,1,1
51,0,18.5,0,0,1,0,151,88,93,211.0,104.5,26.1,149.4,101.9,0.198,10.37,1,0,1,54.1,Lateral,1,1,0,1,1
52,1,33.3,1,1,1,0,145,86,61,173.2,110.6,29.9,266.0,155.1,0.281,4.06,1,0,0,51.1,None,1,0,1,1,1
51,0,32.2,1,1,1,0,173,78,71,267.0,169.8,41.5,127.3,116.7,0.506,31.48,1,0,0,43.7,Lateral,0,1,0,1,1
70,0,28.0,0,0,0,0,105,56,75,144.2,75.1,28.4,224.5,85.2,0.34,14.31,1,0,0,61.2,Lateral,0,0,0,0,0
73,0,28.9,0,0,1,1,150,76,62,190.9,99.2,55.1,137.8,102.9,0.094,2.98,0,0,1,46.7,None,1,0,1,1,1
52,0,32.7,0,1,1,0,116,80,52,175.8,120.7,52.6,124.4,164.2,0.214,7.47,0,1,1,42.9,None,0,0,0,0,0
49,1,28.8,1,0,1,1,139,83,71,156.3,78.9,34.3,254.5,78.6,0.104,3.89,1,0,0,64.5,Inferior,1,0,1,1,1
63,1,32.0,1,1,0,0,137,66,70,193.2,106.8,52.8,255.9,99.3,0.02,3.87,0,0,1,56.6,None,0,1,0,1,1
52,1,26.4,1,0,1,1,103,81,69,168.7,114.5,54.5,176.6,85.0,0.075,8.16,0,1,0,44.2,Lateral,0,1,1,1,1
65,1,33.8,1,0,1,0,133,74,76,205.5,123.8,38.9,166.9,115.2,0.022,2.61,0,0,0,64.8,None,0,0,0,0,0
60,1,29.3,1,1,1,1,127,84,91,206.1,96.7,35.5,219.2,108.3,0.164,4.46,1,0,0,46.1,Septal,1,0,1,1,1
42,0,28.7,0,0,0,1,110,67,70,178.9,133.5,66.6,175.7,71.5,0.037,6.67,0,0,0,55.0,None,0,0,0,0,0
74,0,22.0,0,0,1,1,143,77,76,189.4,105.7,51.2,121.4,98.1,0.075,5.27,0,0,0,54.5,Anterior,1,0,1,1,1
77,1,29.1,1,0,1,0,154,72,82,195.3,111.1,42.6,142.3,92.7,0.016,3.22,0,0,1,57.7,None,1,0,0,1,1
52,0,24.0,0,0,1,1,134,84,80,239.0,147.2,57.6,272.8,106.9,0.133,4.22,0,1,1,61.6,None,1,0,0,1,1
54,0,24.9,0,0,1,0,140,77,66,198.8,128.7,47.0,312.0,70.4,0.048,2.9,0,1,1,57.6,None,0,0,0,0,0
61,0,24.0,1,1,1,0,138,95,75,239.6,173.2,38.9,280.9,133.5,0.236,4.67,0,1,1,48.6,Anterior,0,0,1,1,1
62,0,22.9,0,1,0,0,122,82,80,229.6,112.9,44.8,221.3,163.9,0.225,3.42,0,1,0,55.3,None,0,0,0,0,0
65,1,37.6,1,0,1,0,119,85,60,229.0,149.8,50.4,146.4,71.1,0.478,9.43,1,0,0,57.1,Septal,1,0,0,1,1
79,0,33.9,1,0,0,1,139,70,89,263.3,169.1,24.1,121.1,124.5,0.024,2.99,0,1,0,67.4,None,1,0,0,1,1
56,0,36.6,0,0,1,0,141,89,91,158.0,92.7,41.1,124.7,73.7,0.329,4.85,0,0,0,62.7,Lateral,0,0,0,0,0
50,1,22.2,1,0,0,0,128,84,65,185.1,122.9,53.8,134.6,112.0,0.06,5.35,0,0,1,50.6,Anterior,1,0,0,1,1
44,1,28.1,0,0,0,0,109,79,76,279.1,181.5,34.9,283.3,87.5,0.273,19.23,1,1,0,54.2,Anterior,1,0,1,1,1
50,0,21.8,0,1,1,0,129,102,81,194.2,95.8,59.5,294.3,117.1,0.034,3.3,0,0,0,52.4,None,0,0,0,0,0
58,1,24.6,0,0,1,1,134,90,67,110.0,92.2,54.1,206.0,85.1,0.269,5.05,0,0,1,68.4,Inferior,0,0,1,1,1
77,0,23.6,0,1,1,0,112,95,79,196.5,94.5,43.3,142.2,150.9,0.068,5.05,1,1,1,58.3,Anterior,1,0,1,1,1
53,0,33.5,0,0,1,0,109,87,75,210.7,109.4,38.3,214.1,94.9,0.183,3.7,1,0,0,54.8,None,0,0,1,1,1
60,1,26.0,0,0,1,0,127,92,56,110.0,62.1,37.1,151.9,117.4,0.018,2.93,0,0,0,50.5,None,1,0,0,1,1
58,1,32.7,0,0,0,1,130,70,79,261.0,185.5,66.6,60.0,123.7,0.075,4.67,0,0,0,49.5,None,0,0,0,0,0
70,0,30.6,0,0,0,1,111,73,60,175.0,100.4,62.7,180.8,71.3,0.016,2.8,0,1,1,55.0,None,0,0,0,0,0
85,1,38.4,1,0,0,1,105,81,85,218.8,130.8,41.3,118.7,70.0,0.029,6.45,0,0,0,70.0,None,0,0,1,1,1
52,1,21.0,1,1,0,0,108,81,65,195.5,138.8,33.9,150.6,113.9,0.018,2.74,0,0,0,56.3,None,0,0,0,0,0
53,1,33.6,0,0,1,0,129,91,72,150.9,86.0,41.2,151.2,77.0,0.086,11.29,0,0,0,45.2,Inferior,0,0,1,1,1
69,1,33.1,0,1,1,0,131,97,90,160.0,78.3,42.4,167.6,162.1,0.034,4.17,0,0,0,41.2,None,0,0,0,0,0
65,0,23.3,0,0,1,0,171,71,79,165.7,93.2,31.6,163.1,106.2,0.019,2.81,0,0,0,53.0,None,0,1,0,1,1
77,1,32.4,0,1,0,0,138,68,61,250.6,170.9,40.8,190.5,129.1,0.401,3.68,0,0,0,40.4,None,1,0,0,1,1
64,0,29.3,1,0,0,1,138,80,61,198.8,120.3,57.2,61.8,94.8,0.26,3.35,0,0,1,54.9,Anterior,1,0,0,1,1
54,1,26.8,1,1,1,0,155,78,66,183.1,138.8,22.0,278.6,168.1,0.087,2.72,0,0,0,55.0,None,1,0,0,1,1
64,1,24.0,0,0,1,0,121,119,78,165.7,110.5,48.3,110.9,133.2,0.391,4.4,1,0,1,63.5,Inferior,0,0,0,0,0
70,0,24.5,0,1,0,1,102,83,78,255.2,143.4,57.7,142.6,145.2,0.132,11.13,0,0,0,55.7,Inferior,0,1,0,1,1
67,0,37.2,0,1,1,1,119,85,63,266.5,160.7,38.4,176.9,86.8,0.108,2.96,1,0,0,51.2,Anterior,1,0,1,1,1
63,1,27.8,1,0,1,0,158,80,59,254.8,140.1,56.9,159.0,100.9,0.44,10.08,0,0,0,42.4,None,0,0,0,0,0
69,1,31.4,0,0,0,0,113,73,77,225.7,125.4,33.1,245.2,113.7,0.27,6.96,0,1,0,44.5,Anterior,1,0,0,1,1
70,1,24.2,1,0,1,0,116,86,71,217.2,197.5,44.4,179.8,99.5,0.023,4.11,0,0,1,51.7,None,1,0,0,1,1
73,1,24.2,1,1,0,0,115,79,99,153.9,107.6,36.9,226.2,154.5,0.962,8.58,0,0,0,48.2,Septal,0,0,1,1,1
65,0,32.8,0,0,1,0,133,81,74,194.7,129.7,40.9,180.1,102.1,0.174,8.09,0,0,1,64.9,Lateral,0,0,0,0,0
56,1,21.6,0,0,0,0,126,75,95,176.3,96.4,33.8,177.7,70.3,0.743,9.92,1,0,0,58.3,Anterior,1,0,0,1,1
60,1,25.9,1,0,0,1,126,91,59,128.3,100.5,47.0,182.0,77.3,0.344,8.51,0,0,0,58.4,Apical,0,0,0,0,0
71,1,28.0,0,0,1,1,123,99,55,249.4,166.1,48.5,60.0,88.6,0.132,4.85,1,0,1,54.9,Anterior,1,0,1,1,1
49,0,28.3,0,1,0,0,132,80,60,175.8,133.7,43.4,181.3,161.3,0.04,3.15,0,0,1,50.0,None,0,0,0,0,0
62,0,27.0,0,0,1,0,126,72,88,255.2,180.6,30.4,228.9,79.7,0.089,4.47,0,0,0,58.7,None,0,0,0,0,0
54,1,29.6,1,0,0,0,119,83,95,242.0,123.0,44.0,381.8,104.1,0.172,3.68,0,1,0,67.0,Anterior,0,1,0,1,1
58,0,31.0,1,1,0,1,132,93,64,228.4,120.4,48.2,128.8,146.1,0.046,3.07,1,0,0,51.3,Septal,1,0,0,1,1
71,1,31.2,1,0,0,0,111,91,68,230.7,123.4,37.8,188.3,126.7,0.136,10.64,0,0,0,52.8,Septal,1,0,0,1,1
60,1,23.3,1,0,0,0,112,85,59,179.2,93.4,58.7,133.6,94.2,0.426,5.86,1,0,0,57.7,Inferior,0,0,0,0,0
58,0,26.5,1,0,1,0,146,100,52,283.0,174.7,28.4,277.6,70.0,0.022,2.68,0,1,1,68.4,None,0,0,0,0,0
44,0,33.3,1,0,0,0,108,78,82,206.8,115.6,21.8,90.5,107.9,1.198,5.68,1,0,0,49.1,Inferior,0,0,1,1,1
66,0,31.9,0,0,1,1,130,92,76,217.7,161.7,36.7,199.4,137.8,0.415,3.33,0,0,0,67.2,Lateral,0,0,0,0,0
65,1,21.5,0,1,1,0,145,79,74,177.7,135.2,47.1,117.6,154.2,0.496,4.3,0,0,0,42.6,None,0,1,0,1,1
81,1,29.4,1,0,1,0,169,88,57,165.9,99.4,29.4,147.5,79.2,0.03,7.32,1,1,1,47.8,Anterior,1,0,1,1,1
55,0,18.7,1,0,0,0,131,91,93,225.0,164.3,34.2,163.1,73.4,0.501,4.12,1,1,0,64.0,Inferior,1,1,1,1,1
60,1,28.0,0,0,1,0,144,80,67,214.1,150.8,49.5,223.8,75.9,0.087,4.56,0,0,0,66.2,Septal,1,0,0,1,1
61,1,36.5,0,0,0,1,130,69,80,171.8,96.3,44.6,105.8,135.1,0.129,10.28,1,1,0,46.8,Lateral,0,0,1,1,1
75,1,23.4,1,1,0,1,104,78,56,144.6,56.6,43.8,231.5,133.5,0.322,9.11,0,0,0,38.3,None,0,0,0,0,0
57,0,24.0,1,0,0,0,123,75,71,151.7,87.8,51.8,166.0,81.7,0.042,3.22,0,0,0,60.2,None,0,0,0,0,0
61,1,31.3,0,0,0,0,121,84,77,255.2,143.5,35.7,180.0,91.8,0.426,11.1,0,0,0,70.0,Lateral,0,1,1,1,1
64,1,20.7,0,0,0,0,127,73,77,179.2,110.6,36.2,217.7,88.7,0.088,7.93,0,0,0,68.0,Lateral,1,0,0,1,1
60,0,24.9,0,0,1,0,138,103,75,190.8,115.8,52.1,94.5,126.4,0.065,4.08,0,0,0,56.0,None,0,0,0,0,0
53,1,30.5,0,0,0,0,128,65,79,265.9,160.5,26.6,209.6,74.7,0.068,3.14,0,1,1,38.6,Anterior,1,0,0,1,1
60,1,24.9,0,0,0,0,117,90,60,157.9,102.6,20.0,133.7,118.6,0.099,7.77,0,1,1,58.7,Septal,0,0,0,0,0
69,1,26.7,0,0,1,0,137,78,76,174.5,86.5,35.7,225.3,97.4,0.228,8.67,0,1,0,55.9,Septal,0,0,1,1,1
47,1,31.2,0,1,0,0,102,60,75,172.7,109.8,49.3,213.4,164.1,0.236,13.26,1,0,0,48.9,Lateral,1,0,0,1,1
59,1,29.7,0,0,0,0,116,80,76,273.0,157.2,42.6,153.5,126.7,0.025,4.15,0,0,0,51.2,None,0,0,0,0,0
51,1,29.0,1,1,0,1,144,75,74,288.7,176.2,48.6,162.5,141.7,1.107,8.2,1,1,1,53.3,Inferior,0,0,0,0,0
71,0,26.2,1,1,1,0,142,74,58,236.6,156.3,23.8,240.3,133.7,0.201,4.95,0,0,0,39.5,None,0,0,0,0,0
42,1,29.5,0,0,0,1,121,61,58,237.9,124.4,43.2,234.4,96.3,0.178,8.31,1,1,0,70.0,Septal,0,1,1,1,1
52,0,27.2,0,0,0,0,152,77,48,180.6,104.1,50.5,135.7,93.1,0.08,6.6,1,1,0,70.0,None,0,0,0,0,0
62,1,29.9,1,0,0,0,100,87,83,286.8,170.3,26.5,102.7,70.0,0.183,2.87,0,0,0,63.3,Inferior,0,0,1,1,1
74,1,25.5,0,0,1,1,119,91,83,216.2,122.0,48.6,203.2,126.0,0.141,5.66,0,0,0,53.7,Inferior,1,1,0,1,1
57,1,27.0,1,1,1,0,164,86,84,240.8,158.0,38.9,115.3,144.9,0.37,8.58,1,1,1,46.7,Lateral,0,1,1,1,1
52,1,23.2,1,0,1,1,137,90,77,200.6,109.6,70.7,93.2,71.7,0.171,2.76,1,0,0,57.8,Anterior,1,0,1,1,1
78,0,27.6,0,0,0,0,118,77,48,193.7,107.9,22.2,106.6,70.0,0.026,2.55,0,0,0,66.1,None,0,0,0,0,0
43,1,24.1,1,0,0,0,102,63,61,274.8,154.2,53.7,142.2,70.0,0.041,8.65,0,1,0,64.9,Inferior,0,0,1,1,1
35,1,22.7,0,0,0,0,129,63,76,227.7,153.0,36.1,91.5,110.4,0.03,3.89,0,0,0,59.6,None,0,0,0,0,0
63,0,29.0,0,0,0,0,130,75,75,266.0,152.2,27.8,60.0,82.6,0.015,3.17,0,0,0,65.4,None,0,0,0,0,0
53,0,28.8,1,1,0,0,104,76,71,215.7,136.3,38.7,132.6,130.9,0.157,12.83,0,0,0,56.4,Apical,0,0,1,1,1
47,0,31.4,0,0,0,0,119,86,78,169.4,131.3,46.8,200.3,104.8,0.699,16.05,1,1,0,61.2,Anterior,1,0,0,1,1
65,1,25.8,1,0,1,1,131,93,74,180.5,107.2,50.4,95.1,84.7,0.214,5.22,0,0,1,65.8,Inferior,0,0,1,1,1
61,0,29.7,0,0,1,0,141,92,75,209.3,142.3,61.2,146.3,105.9,0.192,4.53,0,1,0,62.1,Anterior,1,0,0,1,1
52,1,30.3,0,0,0,0,104,75,66,178.7,132.3,54.2,272.1,96.9,0.316,3.25,1,1,0,64.9,Lateral,0,0,0,0,0
45,1,29.8,0,0,1,0,157,72,85,158.5,110.5,30.3,162.3,93.3,0.429,3.03,0,0,0,59.3,Lateral,0,0,0,0,0
67,1,24.0,1,0,0,0,136,82,68,255.5,153.0,51.3,183.8,70.0,0.479,4.65,1,1,1,51.0,Inferior,1,0,1,1,1
65,1,28.5,0,0,0,0,116,83,58,182.1,118.9,43.9,113.0,78.6,0.303,19.91,1,1,0,53.6,Apical,0,1,0,1,1
57,1,29.5,0,1,1,1,133,62,64,210.8,107.2,33.5,314.0,152.1,0.138,20.76,1,1,0,46.7,Anterior,1,0,1,1,1
77,1,27.8,1,1,0,1,119,69,69,217.4,118.7,37.9,165.2,126.4,0.087,16.79,1,1,0,34.2,Inferior,1,1,1,1,1
47,0,18.5,0,0,0,0,109,71,85,180.3,99.1,36.9,152.5,119.1,0.045,4.19,0,0,0,50.7,Lateral,0,0,0,0,0
42,1,28.5,1,0,0,1,114,79,73,265.9,193.1,40.4,237.4,141.9,0.026,2.73,0,0,0,50.5,None,0,0,0,0,0
51,1,38.0,0,0,1,0,132,77,71,158.1,82.7,32.7,155.0,108.1,0.165,9.44,0,0,1,53.9,Anterior,0,0,0,0,0
58,1,26.1,1,1,1,1,162,85,59,216.0,117.2,29.7,197.6,169.9,0.429,9.06,0,1,0,64.5,Apical,1,0,0,1,1
61,0,24.5,1,0,0,1,137,75,83,215.3,113.5,48.8,149.5,109.4,0.038,2.63,0,0,1,56.7,None,1,0,0,1,1
55,1,29.5,0,1,1,1,151,84,66,202.7,130.0,46.3,179.9,129.3,0.084,5.13,0,0,0,53.9,None,0,0,0,0,0
62,1,29.2,0,0,1,0,142,78,72,150.5,92.4,38.1,185.4,99.0,0.559,6.8,0,0,1,60.2,Anterior,0,0,1,1,1
45,0,33.3,1,0,1,0,119,79,91,241.6,161.3,57.7,195.4,135.3,0.04,4.73,0,0,1,70.0,None,0,0,0,1,1
73,0,22.0,0,1,1,0,136,75,80,236.2,151.8,41.4,159.6,129.5,0.516,8.33,1,1,0,42.4,Septal,1,1,0,1,1
57,1,31.2,1,0,0,1,137,81,54,176.6,85.3,37.0,122.9,74.2,0.587,7.73,1,0,0,56.2,None,1,0,0,1,1
70,0,30.5,0,0,0,0,101,83,52,234.7,128.7,50.6,131.5,72.3,0.027,5.82,0,1,0,52.2,None,0,0,0,0,0
62,0,27.1,0,0,0,1,132,70,73,220.7,152.9,42.7,87.9,90.6,0.333,8.66,0,0,0,67.1,Lateral,1,1,0,1,1
63,0,29.4,0,0,1,0,174,101,59,151.2,87.7,44.8,77.5,74.9,0.117,3.44,0,0,0,68.8,None,0,0,0,0,0
64,1,32.5,1,0,1,1,153,82,81,169.1,119.3,20.0,181.3,128.5,0.19,6.32,0,0,0,61.8,Inferior,0,1,1,1,1
63,0,31.8,0,0,1,0,159,101,74,252.8,149.4,44.2,216.6,99.3,0.112,4.69,1,0,1,67.9,Lateral,0,0,0,0,0
65,1,22.5,1,1,1,0,140,79,75,218.0,116.3,21.7,242.9,159.4,0.512,4.0,1,0,1,53.4,Lateral,1,0,1,1,1
72,1,31.6,1,0,1,0,152,65,65,181.3,104.2,27.8,60.0,89.0,0.648,14.69,0,0,0,51.6,Lateral,1,0,0,1,1
60,1,27.5,0,1,1,0,125,90,94,168.9,86.8,26.6,181.5,117.2,0.03,2.72,0,0,1,61.4,None,0,0,0,0,0
65,1,28.1,0,0,1,0,149,88,108,183.4,101.6,29.6,104.4,70.0,0.018,4.73,0,0,1,61.9,None,0,0,0,0,0
57,1,28.1,1,0,1,1,147,86,70,186.3,114.8,34.5,172.9,76.8,0.039,8.82,0,0,0,52.1,None,0,0,1,1,1
73,0,27.1,0,0,0,0,126,71,78,169.5,109.4,39.1,142.0,102.0,0.041,3.69,0,0,0,61.0,None,0,0,0,0,0
51,1,33.3,1,0,0,0,143,77,75,131.8,55.2,46.6,197.6,105.4,0.095,6.06,0,1,0,56.3,Anterior,1,0,0,1,1
77,1,27.4,0,0,0,1,113,72,70,252.9,151.5,42.2,163.9,107.1,0.127,4.56,0,0,0,50.4,None,1,0,0,1,1
58,1,22.7,0,1,1,0,134,82,64,245.8,138.7,21.0,90.7,110.2,0.187,5.36,0,1,0,59.1,Anterior,1,0,0,1,1
43,1,26.0,1,0,0,1,123,86,60,151.5,81.2,40.8,111.8,95.0,0.019,3.11,0,1,0,57.3,None,1,0,0,1,1
59,0,28.6,0,0,1,1,120,87,60,210.7,128.4,47.2,165.3,74.5,0.077,7.3,0,0,1,61.1,Anterior,1,0,0,1,1
51,1,33.5,0,0,0,0,125,84,78,167.1,92.0,36.7,170.0,103.0,0.06,3.85,0,0,0,63.3,None,0,0,0,0,0
67,1,30.6,0,1,0,0,94,75,67,194.0,137.1,39.4,117.7,149.6,0.205,7.39,0,0,0,40.7,None,0,0,0,0,0
51,1,23.9,0,1,1,0,153,82,48,190.5,132.1,41.9,110.5,116.6,0.354,5.11,1,0,1,55.1,Inferior,0,0,1,1,1
53,1,39.2,0,0,0,1,122,66,79,187.0,129.9,47.6,168.1,114.4,0.18,10.27,1,1,0,68.8,Inferior,0,0,1,1,1
38,1,29.0,1,0,0,0,113,74,73,289.1,166.0,24.3,87.8,141.8,0.113,7.14,0,0,0,50.3,Lateral,0,1,0,1,1
53,0,33.7,0,0,0,0,108,55,90,186.5,97.5,41.6,73.2,111.7,0.201,5.47,1,0,0,61.6,Septal,0,1,0,1,1
33,0,27.1,0,0,0,1,118,72,78,171.1,103.9,59.1,140.5,91.7,0.15,4.35,0,0,0,51.4,Inferior,0,0,0,0,0
41,1,30.3,1,0,1,0,148,85,56,173.0,101.5,54.2,138.1,88.7,0.619,5.02,0,1,0,66.2,Inferior,1,0,1,1,1
66,0,31.7,0,0,0,1,130,83,48,248.8,140.1,52.5,116.7,90.8,0.045,3.66,0,0,0,61.1,None,0,0,0,0,0
66,0,33.4,0,0,1,1,125,83,65,135.6,63.7,49.4,126.3,79.8,0.059,4.69,0,1,0,50.2,None,0,0,0,0,0
62,0,32.7,1,0,0,0,108,81,66,173.0,103.2,60.5,165.8,100.0,0.346,11.89,1,1,0,70.0,Lateral,0,0,1,1,1
48,1,31.8,1,0,1,1,147,64,85,265.8,153.4,59.2,125.4,72.2,0.055,5.34,0,0,0,66.9,None,0,0,1,1,1
57,1,26.4,0,1,0,1,110,77,73,215.2,139.4,38.7,198.9,102.2,0.041,3.11,0,0,0,57.7,None,0,0,0,0,0
58,1,25.2,1,1,1,0,137,69,87,213.1,137.8,30.3,174.1,144.4,0.049,2.82,0,0,1,57.2,None,0,0,0,0,0
46,0,29.3,0,0,1,0,138,73,58,294.6,193.3,41.3,174.2,95.4,0.035,3.44,0,0,0,65.9,None,0,0,0,0,0
74,0,32.1,0,0,0,0,126,76,85,215.3,110.3,75.0,213.3,83.6,0.242,9.89,0,0,0,45.0,Lateral,0,0,0,0,0
67,1,26.8,0,0,1,0,150,98,82,175.3,111.2,24.3,211.2,70.0,0.079,2.61,0,0,1,54.6,None,0,0,0,0,0
56,1,32.7,0,0,1,1,116,89,49,193.2,105.0,35.3,235.9,100.8,0.081,4.71,1,0,0,61.1,Anterior,1,0,1,1,1
58,0,34.5,0,1,0,0,91,78,89,157.3,76.1,29.9,241.1,120.2,0.042,4.09,0,0,0,48.8,None,0,0,0,0,0
60,0,23.6,0,0,0,1,112,77,75,257.7,148.2,45.2,178.1,92.2,0.784,17.53,1,1,0,61.7,Inferior,0,0,0,0,0
37,0,24.0,0,1,1,0,165,78,78,229.1,153.5,32.0,171.2,175.3,0.189,7.03,0,1,1,61.9,Inferior,0,0,1,1,1
55,0,27.2,1,1,1,0,169,80,63,252.2,145.7,42.9,173.7,153.0,0.041,3.11,0,0,1,48.6,None,1,0,0,1,1
51,1,29.2,0,0,0,1,151,82,89,255.9,177.0,20.5,116.7,70.0,0.445,5.99,0,0,0,57.6,Lateral,0,0,0,0,0
47,1,25.4,0,0,0,1,118,64,59,187.6,120.8,46.2,165.2,70.0,0.03,7.66,0,0,0,51.4,None,0,0,0,0,0
55,0,34.0,0,0,1,0,108,91,83,165.3,93.3,56.2,203.4,98.0,0.137,6.63,0,1,1,43.7,Inferior,0,0,1,1,1
77,1,29.8,0,0,1,0,99,82,83,202.8,139.1,36.2,125.1,70.0,0.05,4.28,0,1,0,59.2,Inferior,0,0,1,1,1
65,1,28.0,1,0,1,0,127,94,62,168.3,107.7,38.6,163.0,70.0,0.352,4.13,1,0,0,57.8,Apical,0,0,0,0,0
52,0,21.2,0,0,0,0,118,87,97,211.9,113.2,42.4,127.7,105.6,0.018,4.21,0,0,0,58.4,None,0,0,0,0,0
64,1,21.7,0,1,1,0,157,69,76,252.5,179.4,41.8,206.5,146.4,0.267,5.66,0,0,1,44.1,None,1,0,1,1,1
73,0,29.1,0,0,0,0,135,72,81,197.9,122.6,43.6,134.8,104.0,0.037,2.52,0,0,0,51.5,None,0,0,0,1,1
68,1,18.5,1,0,0,1,125,69,55,211.3,127.1,47.7,124.3,100.3,0.024,4.75,0,0,0,61.8,None,1,0,0,1,1
59,0,32.5,0,0,1,0,122,67,99,201.1,107.8,56.3,127.6,93.7,0.104,2.62,0,0,1,58.0,None,0,0,0,0,0
51,1,27.1,0,0,1,1,121,75,59,238.7,160.9,31.9,192.7,81.8,0.044,3.05,0,1,1,58.2,None,0,0,0,0,0
65,1,42.7,0,0,0,0,126,102,86,177.0,114.0,36.9,159.7,105.3,0.023,7.26,0,0,0,59.7,None,0,0,1,1,1
62,1,38.4,0,1,0,0,133,84,62,112.7,77.1,49.0,171.4,170.6,0.076,24.01,0,1,0,42.1,Septal,0,0,0,0,0
67,1,27.0,0,0,1,1,143,105,66,224.8,127.3,25.8,179.4,85.0,0.053,2.76,0,0,1,58.0,None,0,1,0,1,1
65,0,27.3,1,0,1,0,120,94,83,246.5,160.4,24.3,142.2,74.6,0.486,5.49,1,0,1,48.0,Apical,1,0,0,1,1
69,0,32.4,1,0,1,1,147,78,86,223.7,147.9,46.3,227.0,72.3,0.091,6.65,0,1,0,45.5,Lateral,0,1,0,1,1
52,1,35.6,1,0,1,0,143,82,58,178.1,96.8,45.0,111.4,77.7,0.128,9.73,0,1,0,49.6,Septal,0,0,0,0,0
72,1,20.3,0,1,0,0,104,83,87,157.3,73.1,32.8,184.7,144.1,0.143,10.56,0,1,0,45.6,Septal,0,0,0,0,0
60,1,19.6,0,0,1,1,124,90,86,225.8,144.2,34.2,87.7,70.0,1.037,11.88,1,1,0,55.2,Lateral,1,1,1,1,1
80,1,24.9,0,1,1,0,148,80,62,210.9,102.9,32.4,175.9,148.8,0.107,5.84,0,1,0,47.0,Lateral,1,1,0,1,1
51,0,30.5,1,0,1,1,133,70,93,199.7,122.1,35.3,72.6,107.9,0.122,6.01,0,0,0,50.8,Anterior,0,0,0,0,0
76,0,30.1,0,0,1,1,162,118,56,281.5,162.2,50.9,206.0,70.0,0.273,12.4,1,1,0,61.0,Anterior,1,0,0,1,1
60,0,32.7,1,0,1,0,145,84,66,165.2,117.4,32.2,207.2,75.4,0.183,6.86,0,1,0,64.7,Septal,1,0,0,1,1
51,0,22.3,0,0,0,0,114,74,79,279.6,161.9,41.3,208.1,96.6,0.022,3.03,0,0,0,56.6,None,0,0,1,1,1
53,1,18.5,0,0,0,0,121,79,63,206.3,140.4,30.9,166.6,92.1,0.025,2.65,0,0,0,54.2,None,0,0,0,0,0
55,0,31.7,0,1,1,0,138,83,77,127.9,69.0,29.4,146.6,150.4,2.23,8.74,1,1,0,47.4,Lateral,0,1,1,1,1
62,0,24.0,0,0,0,1,110,79,76,197.5,133.5,52.7,121.0,92.2,0.107,4.36,0,1,0,55.5,Anterior,1,1,1,1,1
63,0,18.5,1,0,0,0,107,90,71,245.3,178.1,38.8,249.2,120.3,0.114,21.09,1,0,0,46.8,Lateral,1,1,1,1,1
52,0,28.5,1,0,1,0,148,84,83,189.7,97.8,45.9,244.0,88.6,0.015,2.92,0,0,0,50.3,None,0,1,0,1,1
58,1,31.4,0,0,1,1,150,74,71,143.1,90.2,24.9,171.7,75.3,0.326,5.19,0,1,0,64.9,Inferior,0,0,1,1,1
80,0,27.2,0,0,0,0,131,76,76,198.1,160.1,36.6,136.6,73.7,0.045,3.41,0,0,0,55.4,None,0,0,0,0,0
76,1,25.7,1,0,1,1,161,81,87,169.0,102.4,47.6,240.3,109.7,0.055,3.8,0,1,1,66.1,Septal,1,0,1,1,1
63,1,27.1,1,0,1,0,128,100,83,225.7,136.3,65.9,126.8,95.6,0.029,3.05,0,0,1,55.6,None,0,0,0,0,0
58,1,26.1,0,0,1,1,163,97,83,237.5,154.3,20.2,177.6,107.7,0.071,8.63,0,0,1,55.1,Lateral,0,0,0,0,0
59,0,21.6,0,0,1,0,122,87,60,160.6,97.0,42.0,239.4,107.3,0.028,3.71,0,0,0,54.7,None,0,0,0,0,0
64,0,24.5,0,0,0,0,105,65,80,175.4,79.6,48.1,119.0,70.0,0.023,4.82,0,1,1,55.4,None,0,0,0,0,0
47,0,30.2,0,0,0,0,93,65,63,236.8,159.1,37.8,210.6,72.2,0.026,6.37,0,0,1,52.7,None,0,0,0,0,0
55,0,29.3,0,0,0,0,114,78,58,168.9,71.3,52.5,193.6,74.6,0.032,2.77,0,0,0,60.2,None,0,0,0,0,0
40,1,28.6,0,1,0,1,113,81,73,159.5,89.4,31.3,192.8,123.7,0.298,3.6,0,0,0,52.2,Inferior,0,1,0,1,1
62,0,23.2,0,0,1,0,145,82,63,155.5,111.4,45.5,110.4,86.6,0.043,3.35,0,0,0,53.9,None,0,1,0,1,1
65,1,27.0,0,0,1,1,140,81,83,219.8,126.5,34.8,125.2,115.0,1.029,3.6,1,1,0,68.0,Anterior,1,0,1,1,1
53,1,18.5,0,0,1,0,117,80,83,218.0,120.4,52.2,180.9,119.0,0.042,2.51,0,1,1,70.0,None,0,0,0,1,1
75,1,28.6,1,0,1,0,130,85,51,176.3,119.0,33.2,86.7,89.1,0.286,5.5,0,1,0,62.3,Lateral,1,1,0,1,1
45,0,34.4,1,1,1,0,131,62,64,205.2,110.4,40.5,202.2,135.0,0.063,2.68,0,0,0,56.5,None,0,0,0,0,0
43,0,21.0,0,0,0,0,93,66,56,269.1,143.1,53.5,194.8,80.9,0.056,10.6,0,0,0,64.1,None,0,0,0,0,0
60,1,25.1,1,1,0,0,106,71,68,164.1,102.6,29.7,249.2,141.8,0.743,5.07,1,0,1,66.9,Inferior,1,0,1,1,1
69,1,29.3,1,1,1,0,124,98,79,123.0,71.1,40.7,118.1,144.1,0.086,5.81,1,0,1,53.1,Septal,1,0,0,1,1
76,0,33.6,0,0,0,1,144,69,71,224.1,115.8,25.8,237.4,111.1,0.189,5.05,0,1,0,48.3,Septal,0,0,0,0,0
53,1,25.7,0,0,0,0,125,79,66,200.4,129.8,29.1,258.2,111.0,0.513,5.88,1,0,0,61.1,Septal,0,0,0,0,0
69,0,24.6,1,0,1,0,147,88,89,175.2,112.1,47.8,187.6,70.0,0.029,2.95,0,0,1,58.0,None,0,0,1,1,1
58,0,18.7,1,0,0,0,98,90,48,232.4,134.0,34.1,107.9,91.9,0.163,8.7,0,1,0,50.0,Lateral,0,0,0,0,0
56,1,28.3,1,0,1,0,156,98,88,240.2,139.8,34.6,147.0,122.7,0.243,6.19,0,1,1,55.7,Lateral,0,0,0,0,0
67,1,37.2,1,0,0,1,142,77,67,112.3,74.4,44.9,162.4,86.2,0.067,4.2,0,1,0,61.8,Septal,0,0,0,0,0
65,0,29.1,0,0,0,0,90,73,73,177.6,124.4,38.2,179.9,117.8,0.41,7.51,0,0,0,43.4,None,0,0,0,0,0
41,0,27.7,0,0,0,0,110,71,67,302.3,177.1,52.2,166.2,88.9,0.109,6.2,0,0,0,48.0,Septal,0,0,0,0,0
74,1,29.3,0,0,1,0,144,83,92,229.5,147.5,42.2,180.5,98.5,0.075,2.64,0,0,0,51.6,None,0,0,0,0,0
72,0,27.7,0,1,0,0,132,73,59,233.4,148.5,48.4,190.0,117.3,0.04,4.97,1,0,0,49.8,Inferior,0,0,0,0,0
51,1,24.1,0,0,1,0,126,91,74,254.3,165.8,52.4,179.6,73.0,0.159,20.44,1,0,0,47.1,Anterior,1,0,0,1,1
62,1,31.6,1,1,1,1,132,90,80,205.7,124.0,43.2,169.7,154.5,0.118,9.83,0,0,1,51.0,Anterior,1,0,0,1,1
63,0,28.8,0,0,1,0,127,91,54,238.5,129.4,59.4,146.4,112.6,0.226,5.77,0,0,1,67.2,Anterior,1,0,0,1,1
61,0,27.9,1,0,0,0,123,90,62,235.2,134.2,53.1,133.3,95.5,0.071,6.79,0,0,0,58.5,None,0,0,0,0,0
52,1,23.3,0,0,0,1,141,96,72,227.6,141.7,34.8,270.4,70.4,0.031,4.27,1,0,0,65.5,Lateral,0,1,0,1,1
51,0,33.8,0,0,1,0,124,87,63,191.5,142.2,56.9,245.5,95.9,0.167,9.7,1,0,0,53.3,Inferior,1,0,1,1,1
58,1,30.9,0,0,1,1,153,96,64,212.2,120.1,42.6,195.5,120.1,0.181,4.69,1,1,0,51.5,Inferior,1,0,1,1,1
70,1,25.3,0,0,1,0,124,82,69,180.3,120.3,36.1,237.9,129.9,0.098,4.43,0,0,0,59.8,None,1,0,0,1,1
64,1,32.4,1,1,0,1,108,89,81,205.5,118.4,42.8,238.9,133.7,0.099,8.34,0,1,1,55.0,Apical,0,0,1,1,1
54,0,25.5,1,0,1,0,150,96,69,155.9,95.2,55.1,175.0,70.0,0.316,3.82,0,0,0,48.5,Inferior,0,0,0,0,0
66,1,24.2,1,0,0,0,136,88,86,171.8,125.8,44.6,82.2,111.8,0.022,2.6,0,1,0,46.6,None,0,1,0,1,1
30,1,24.3,0,1,0,0,135,78,62,193.1,127.3,58.2,180.6,134.5,0.111,11.28,0,1,0,64.5,Lateral,1,0,0,1,1
70,1,19.7,0,0,0,0,100,71,58,165.4,80.6,50.9,146.6,113.9,0.026,2.95,0,0,0,45.6,None,0,0,0,0,0
40,0,30.0,0,0,0,0,114,64,97,183.8,101.7,49.2,102.7,100.6,0.018,4.03,0,0,0,65.5,None,0,0,0,0,0
54,0,19.4,0,0,0,0,135,77,66,198.1,137.7,33.7,83.3,77.3,0.48,10.96,0,0,0,54.2,Anterior,1,0,0,1,1
46,0,22.1,1,1,0,0,122,93,58,221.9,135.3,42.2,222.1,141.2,0.154,6.8,1,1,0,52.0,Anterior,1,0,0,1,1
44,1,18.5,1,0,1,0,119,82,53,244.9,129.7,40.7,182.8,121.2,0.017,4.01,0,0,0,60.4,None,0,0,0,0,0
70,0,27.4,1,0,0,0,129,85,86,185.5,99.0,51.0,100.8,92.0,0.142,2.82,0,1,0,36.2,None,1,0,1,1,1
53,1,27.1,0,0,1,1,125,94,69,261.1,167.2,46.4,124.0,74.3,0.213,8.68,0,0,0,46.3,Septal,0,0,0,0,0
62,0,26.3,1,1,0,0,150,75,70,244.4,161.6,45.7,258.9,108.2,0.058,2.59,0,1,1,52.7,None,0,0,1,1,1
58,0,23.0,0,0,0,0,146,91,72,226.2,136.0,45.2,116.7,79.6,0.067,3.36,0,0,0,52.2,None,0,0,0,0,0
63,1,22.4,1,1,0,0,131,55,86,211.5,164.0,47.2,204.4,131.8,0.639,3.74,1,1,0,60.0,Apical,1,1,1,1,1
59,0,29.9,0,0,0,0,143,65,71,218.4,143.4,35.4,154.6,111.4,0.081,4.84,0,0,0,45.2,None,0,0,0,1,1
45,1,25.3,0,1,1,0,138,76,102,254.9,149.3,57.0,222.8,117.6,0.037,3.17,0,0,1,56.5,Inferior,0,1,0,1,1
68,1,29.3,0,0,0,1,134,69,75,256.4,141.6,20.0,117.9,126.1,0.293,4.47,0,0,0,42.0,None,0,0,0,0,0
53,1,23.7,1,0,0,0,145,81,86,261.1,142.0,54.6,170.0,70.0,0.623,9.33,1,1,0,55.2,Anterior,1,0,0,1,1
42,1,28.6,0,1,0,0,125,80,83,206.7,129.1,39.5,204.3,186.6,0.111,4.1,0,0,0,43.5,None,0,0,1,1,1
54,1,33.8,0,0,1,0,132,89,73,228.3,129.6,50.0,177.7,129.5,0.06,7.1,1,1,0,70.0,Apical,1,0,0,1,1
74,0,30.5,1,0,1,0,109,91,66,261.4,181.9,47.6,169.3,97.8,0.93,39.97,1,0,1,42.3,Anterior,1,0,0,1,1
67,1,25.9,0,0,0,1,120,68,77,178.8,129.3,43.5,184.0,70.0,1.468,11.68,1,0,1,52.0,Anterior,1,0,1,1,1
54,0,29.0,0,0,0,1,135,65,80,191.6,124.5,49.5,285.5,93.9,0.113,10.76,1,0,1,44.2,Septal,0,0,0,0,0
54,1,26.7,0,0,0,0,137,81,67,205.7,105.7,48.1,305.9,87.3,0.525,8.05,0,1,0,70.0,Apical,1,0,0,1,1
55,1,27.8,0,0,1,0,145,79,75,242.8,135.6,36.7,129.8,70.0,0.021,3.98,0,0,0,61.2,None,0,0,0,0,0
80,0,26.3,1,0,0,0,113,62,88,243.4,164.9,54.3,60.0,100.8,0.481,3.17,0,1,0,54.1,Lateral,0,1,0,1,1
62,1,27.0,1,0,1,0,105,95,98,195.3,108.7,29.2,197.8,78.5,0.015,3.34,0,0,0,69.8,None,1,0,1,1,1
63,1,28.8,0,0,0,0,114,91,84,141.6,101.8,39.9,175.2,80.7,0.854,13.61,1,1,0,59.2,Anterior,1,0,0,1,1
69,0,23.2,1,0,1,1,132,101,96,215.3,136.3,52.4,223.4,90.9,0.024,5.7,0,1,0,54.8,None,0,0,1,1,1
61,1,23.1,0,1,1,0,131,87,66,166.4,100.6,50.0,210.7,128.5,0.053,3.43,0,0,1,53.1,None,0,0,0,0,0
55,1,21.4,0,0,1,0,146,92,82,142.4,74.9,44.6,168.2,136.6,0.034,6.8,0,0,0,62.5,None,0,0,0,0,0
56,1,20.4,0,0,0,0,153,91,90,151.9,89.7,36.1,227.1,84.3,0.178,5.43,0,1,0,54.1,Anterior,1,0,0,1,1
57,0,22.2,0,1,1,1,138,79,63,218.7,134.1,53.0,264.8,148.8,0.057,11.92,0,1,0,50.3,Anterior,0,0,0,0,0
58,0,28.5,0,0,1,0,133,97,68,262.2,172.8,37.3,88.7,97.9,0.039,4.22,0,0,1,64.5,None,0,0,0,0,0
66,0,23.7,1,1,0,1,117,80,94,206.6,110.7,61.5,150.1,147.1,0.52,5.8,0,0,1,49.2,Anterior,0,1,0,1,1
59,0,30.2,1,1,1,0,138,95,62,213.9,124.4,43.2,189.2,148.6,0.117,8.2,0,0,0,51.1,Apical,0,0,0,0,0
66,1,28.0,0,1,0,0,108,79,57,254.7,153.5,24.6,200.4,157.6,0.275,6.19,0,0,0,35.8,Inferior,0,0,0,0,0
57,1,18.7,0,0,1,1,138,98,92,140.1,94.0,28.1,152.6,100.3,0.105,9.6,0,0,0,70.0,Anterior,0,0,0,0,0
59,0,30.8,1,1,1,1,144,88,88,226.8,122.5,44.4,218.9,144.5,0.403,6.32,1,1,1,46.7,Septal,1,1,0,1,1
37,1,31.5,1,1,0,0,125,63,79,204.5,103.0,41.4,249.8,141.2,0.057,4.88,0,0,0,59.9,Anterior,0,0,0,1,1
68,1,23.2,1,0,1,0,144,100,73,228.8,147.4,59.7,259.7,92.2,0.065,4.85,0,0,0,54.4,None,1,0,0,1,1
62,1,29.7,0,0,0,1,128,68,68,184.7,88.1,29.6,196.8,76.8,0.796,5.53,1,1,0,47.7,Anterior,1,0,1,1,1
68,1,23.9,1,0,0,0,93,90,77,170.6,121.6,40.4,118.1,93.8,0.043,5.85,0,0,0,63.0,None,0,1,0,1,1
30,0,28.2,0,0,0,0,132,77,92,210.9,124.2,33.4,156.9,99.8,0.275,10.87,0,1,1,60.0,Lateral,0,0,0,0,0
80,1,22.0,0,0,1,1,126,97,76,274.3,141.4,35.1,160.9,103.0,0.578,4.38,1,1,0,63.7,Apical,1,0,0,1,1
57,1,19.6,0,0,0,0,104,89,100,241.2,137.5,56.8,193.3,98.6,0.017,2.55,0,0,0,56.5,None,0,0,0,0,0
70,1,26.0,0,0,0,0,104,82,63,183.7,115.9,28.6,186.3,90.3,0.51,4.62,1,0,0,58.6,Anterior,1,0,0,1,1
47,0,27.2,0,0,1,0,143,91,73,148.7,81.2,49.9,277.8,93.9,0.18,4.53,0,0,1,43.9,Anterior,0,0,0,0,0
64,1,26.0,0,0,0,0,118,82,69,134.4,80.9,43.9,139.6,83.9,0.018,3.04,0,0,0,54.0,None,0,0,0,0,0
47,1,22.4,0,0,0,1,95,57,60,260.3,167.3,39.8,186.2,101.3,0.12,3.55,0,0,0,47.8,Lateral,0,0,0,0,0
51,0,26.0,1,1,0,0,129,79,72,164.9,95.9,49.2,324.5,135.6,0.094,3.81,1,1,0,49.0,Inferior,0,0,1,1,1
78,0,29.0,0,0,0,0,98,66,79,191.3,100.7,32.4,132.8,98.6,0.033,4.72,0,0,0,56.8,None,0,0,0,0,0
56,1,27.6,0,0,0,0,124,79,80,260.5,151.8,56.6,173.0,115.0,0.099,2.64,0,1,1,53.2,Lateral,1,0,1,1,1
60,1,28.6,0,0,0,1,125,66,100,137.2,103.5,59.2,113.0,80.8,0.047,4.33,0,0,0,64.9,None,0,0,0,0,0
67,1,24.7,1,0,1,0,151,74,79,267.7,185.9,40.5,169.5,106.9,0.216,12.11,1,1,0,46.1,Apical,1,0,1,1,1
63,1,33.2,0,1,1,1,165,102,87,194.3,86.3,64.2,152.1,140.7,0.024,2.56,0,0,0,59.1,None,1,0,0,1,1
60,1,22.4,0,1,0,0,100,88,74,156.8,110.4,36.0,252.6,180.4,0.181,15.41,0,1,0,62.5,Inferior,1,1,0,1,1
62,1,30.0,0,0,0,1,121,77,94,194.6,120.5,44.0,173.1,90.7,0.09,3.5,0,0,0,66.1,None,0,1,0,1,1
83,1,33.2,1,1,0,0,117,79,102,174.7,118.7,54.3,143.6,153.9,0.042,7.14,0,0,0,44.2,None,1,0,1,1,1
57,1,30.0,1,0,1,1,143,83,80,223.5,125.8,35.4,211.2,95.3,0.393,5.5,0,0,0,41.0,Lateral,0,1,1,1,1
60,0,26.9,0,0,0,0,125,83,62,177.8,80.2,30.2,174.9,70.0,0.265,8.46,0,1,0,62.7,Anterior,0,0,0,1,1
69,0,25.4,0,0,0,0,116,71,67,124.7,83.6,27.9,217.4,84.6,0.579,11.43,0,1,0,52.0,Septal,0,1,0,1,1
70,1,32.6,1,1,1,1,129,95,77,195.7,103.3,60.6,131.9,157.6,0.267,6.81,1,0,1,39.2,Anterior,1,0,1,1,1
70,1,21.3,0,0,0,1,104,75,79,148.0,68.0,34.7,185.3,86.3,0.074,6.62,0,1,1,48.5,Septal,1,0,0,1,1
65,1,23.3,0,0,0,0,137,73,82,213.6,108.4,38.1,207.5,70.0,0.137,10.88,1,1,0,69.5,Apical,0,0,0,0,0
46,0,26.0,0,1,1,1,144,86,79,155.1,102.1,32.9,171.7,139.4,0.126,4.67,0,0,1,42.9,Anterior,0,0,0,0,0
75,1,33.5,0,0,1,0,151,80,74,184.5,112.8,49.5,95.8,73.2,0.202,7.54,0,0,1,56.7,Anterior,1,0,1,1,1
46,1,29.5,0,0,0,1,117,81,66,212.7,139.4,32.2,162.7,97.6,0.71,8.33,1,1,0,59.7,Lateral,0,1,0,1,1
61,1,23.3,0,1,1,0,126,80,78,196.1,127.7,35.1,262.5,171.0,0.074,3.16,0,0,0,49.1,None,0,1,0,1,1
50,0,26.4,1,0,0,0,104,82,96,215.5,123.0,47.0,226.9,110.4,0.082,3.03,1,1,0,63.2,Septal,1,0,1,1,1
57,0,25.0,1,0,1,0,142,98,86,233.6,139.1,33.4,141.4,125.7,0.076,4.85,0,1,1,70.0,Anterior,0,0,0,0,0
61,1,24.5,0,0,0,0,105,70,80,156.4,86.2,38.2,94.4,83.8,0.141,6.52,0,0,0,55.6,Inferior,0,0,0,0,0
61,1,32.3,1,0,1,1,166,84,86,202.3,118.2,54.0,141.3,92.1,0.023,2.78,0,0,0,56.1,None,0,0,0,0,0
62,0,21.5,0,0,1,0,116,90,69,110.0,51.5,48.3,139.2,74.1,0.798,9.15,1,0,0,63.0,Lateral,0,0,0,0,0
75,1,35.2,0,0,1,0,141,81,67,215.4,135.1,41.3,189.6,81.3,0.073,6.35,0,1,0,60.3,None,1,1,1,1,1
63,0,31.6,0,0,1,0,162,90,65,192.4,131.6,46.1,159.2,76.5,0.065,7.62,0,0,0,57.0,Lateral,0,0,0,0,0
55,0,32.8,1,0,0,0,131,83,72,163.7,86.0,40.1,123.6,70.0,0.4,7.7,0,0,0,55.6,Anterior,1,1,0,1,1
68,1,25.7,1,1,0,0,124,88,68,218.3,150.2,60.0,255.7,167.3,0.027,8.82,0,1,0,29.3,None,0,1,0,1,1
70,1,27.1,1,1,0,0,106,71,88,254.3,154.3,31.9,202.7,98.2,0.343,10.94,0,0,0,40.8,Apical,0,0,1,1,1
45,1,21.2,1,0,1,1,114,76,68,185.0,114.6,42.1,188.9,122.4,0.989,2.71,1,1,1,48.9,Lateral,1,0,1,1,1
64,1,25.4,1,0,1,0,149,82,64,165.3,73.7,41.2,70.1,119.9,0.194,4.91,0,0,0,63.5,Apical,0,0,0,0,0
65,0,30.1,1,1,0,1,146,68,97,211.9,100.0,54.1,61.7,150.0,0.038,4.31,0,0,0,50.0,None,0,0,0,0,0
55,0,33.8,1,0,1,1,129,91,68,148.9,91.5,55.0,85.9,72.7,0.123,7.38,1,1,0,55.7,Inferior,1,0,0,1,1
72,1,22.7,1,0,1,0,118,74,75,177.3,118.2,39.7,138.6,70.0,0.443,6.36,0,0,0,52.9,Inferior,0,0,1,1,1
56,1,26.1,0,1,1,1,97,109,79,256.3,143.7,42.9,226.7,129.0,0.078,6.73,1,1,0,45.0,Inferior,0,0,1,1,1
59,0,27.1,0,1,1,1,121,98,60,207.6,149.6,47.3,66.2,152.5,0.054,3.46,0,0,1,64.4,None,0,0,0,1,1
56,0,21.4,0,1,0,0,120,78,88,126.1,86.7,21.3,282.6,140.1,0.086,7.67,0,0,0,62.4,None,0,1,0,1,1
58,0,30.5,0,0,0,0,147,86,81,129.5,64.1,28.1,174.4,74.1,0.41,9.25,0,0,1,70.0,Septal,0,0,0,0,0
46,1,24.5,0,0,0,1,132,61,92,211.8,127.5,33.9,239.8,118.0,0.131,2.9,0,1,1,63.5,Anterior,0,0,1,1,1
43,1,26.9,0,0,0,0,126,103,65,241.2,181.9,34.4,116.3,128.7,0.08,10.01,0,0,0,57.8,Apical,0,0,0,0,0
75,0,25.7,1,0,1,1,130,80,75,137.1,63.6,32.0,192.7,90.5,0.045,6.08,0,0,1,65.9,None,0,0,1,1,1
49,0,24.2,0,0,1,0,127,84,74,223.9,142.3,51.5,169.7,97.2,0.07,8.75,0,1,1,52.6,Apical,0,0,0,0,0
48,1,27.8,0,0,1,0,159,67,77,260.9,151.7,40.0,210.0,70.0,0.064,11.95,0,0,0,51.0,Inferior,0,0,0,0,0
35,1,26.8,0,1,1,0,140,90,56,284.3,181.2,37.9,182.1,131.7,0.343,6.28,0,0,1,47.2,Lateral,0,0,0,0,0
51,1,26.1,1,1,0,0,90,66,75,218.9,150.3,27.4,221.0,150.2,0.038,2.86,0,0,0,56.2,None,0,1,0,1,1
44,1,24.4,0,0,0,0,111,79,56,226.3,130.0,39.6,225.6,102.1,0.042,4.87,1,0,0,51.9,Septal,1,0,0,1,1
75,1,29.3,0,1,0,1,108,72,78,115.4,86.0,20.0,159.2,129.8,0.106,3.63,0,0,0,45.8,Anterior,0,0,1,1,1
69,0,35.4,1,1,0,1,113,67,48,293.2,209.2,42.4,208.3,134.5,0.422,15.56,1,0,0,34.2,Inferior,1,1,0,1,1
51,1,28.4,0,0,0,1,131,69,51,180.8,109.5,40.6,61.2,86.1,0.02,3.88,0,0,0,61.8,None,0,0,0,0,0
82,0,32.4,0,0,0,0,120,80,83,165.8,111.3,46.4,203.6,89.4,0.536,7.79,0,0,1,40.9,Inferior,0,0,1,1,1
68,1,21.4,0,0,0,1,120,65,67,194.3,107.7,24.4,272.5,103.5,0.21,9.03,0,0,0,45.5,Septal,0,0,0,0,0
55,0,28.5,0,0,0,0,143,70,62,268.5,161.4,46.2,96.6,70.0,0.083,2.58,0,0,0,67.7,None,1,0,1,1,1
32,0,22.8,1,0,1,1,125,92,89,297.7,176.0,33.6,160.0,93.5,0.215,5.47,0,1,0,67.4,Inferior,0,0,0,0,0
82,1,21.0,0,0,0,0,151,104,77,210.3,138.1,31.9,213.4,102.0,0.101,3.49,0,0,0,56.0,None,0,0,0,0,0
43,1,24.4,0,0,0,1,111,82,84,246.9,166.2,47.2,166.7,83.6,0.106,8.53,0,1,0,60.2,Septal,1,0,0,1,1
41,1,33.3,0,0,0,1,123,68,72,206.8,122.4,60.1,174.1,85.4,0.272,9.51,0,1,0,53.8,Apical,0,0,0,0,0
69,1,32.2,0,1,1,0,132,82,106,161.4,119.8,40.5,173.5,131.0,0.088,8.11,0,1,0,40.8,None,1,0,0,1,1
84,0,28.9,1,0,0,0,123,78,66,267.0,183.2,35.8,141.5,85.4,0.041,3.94,0,0,1,50.1,None,0,0,0,0,0
73,0,20.7,0,1,0,0,129,74,94,178.9,120.0,45.9,190.2,140.1,0.197,5.09,0,1,0,34.9,Inferior,0,1,1,1,1
64,1,26.9,0,0,1,0,143,95,73,269.5,154.0,49.4,167.3,97.6,0.029,2.54,0,0,1,60.0,None,0,0,0,0,0
64,1,29.2,0,0,1,0,124,88,54,259.5,146.5,46.2,100.0,70.0,0.167,4.27,0,1,0,58.4,Anterior,1,1,1,1,1
67,1,28.6,0,1,1,0,119,95,79,230.8,126.3,67.4,191.4,153.1,0.246,11.9,0,0,0,39.5,None,0,1,0,1,1
66,0,19.3,0,0,0,0,162,74,77,281.8,183.3,36.8,251.3,89.2,0.134,9.93,0,0,0,65.5,Anterior,1,0,0,1,1
61,1,23.7,1,0,0,1,114,91,61,298.8,161.1,42.5,141.9,133.7,0.552,7.14,1,0,0,62.9,None,1,1,1,1,1
59,1,27.5,1,1,0,0,133,76,62,197.6,128.7,55.5,127.0,116.2,0.055,5.63,0,0,1,57.5,None,1,0,0,1,1
57,1,30.3,1,0,1,1,111,76,73,171.0,86.4,54.9,156.7,77.7,0.016,3.25,0,0,1,54.1,None,0,0,0,0,0
50,0,18.5,1,0,0,1,117,99,78,126.7,88.4,24.5,125.7,90.9,0.018,4.85,0,0,0,58.0,Inferior,0,0,0,0,0
55,1,27.1,1,0,0,0,119,59,48,299.3,179.8,40.0,91.4,103.3,0.078,4.4,0,0,0,63.0,Anterior,0,0,0,1,1
40,0,28.5,0,1,1,0,144,78,86,186.5,131.9,58.8,202.7,101.0,0.023,3.38,0,1,0,53.2,None,0,0,0,0,0
57,1,31.7,1,0,1,1,93,79,68,252.7,168.7,68.9,125.9,78.4,0.097,9.97,0,1,1,70.0,Inferior,0,0,1,1,1
48,1,31.0,1,0,0,1,124,103,58,173.9,125.9,47.0,130.6,106.8,0.111,7.33,0,0,0,56.4,Septal,0,0,0,0,0
46,0,30.5,1,0,1,0,118,104,85,269.6,183.7,40.3,173.4,76.0,0.028,2.99,0,0,1,54.0,None,0,0,0,0,0
60,0,24.1,0,0,1,1,142,100,73,175.6,107.5,33.9,80.7,122.4,0.029,5.45,0,0,0,63.1,Lateral,0,0,0,0,0
73,1,19.0,0,1,0,1,105,74,88,154.9,75.6,62.2,99.2,130.9,0.444,21.72,1,0,0,36.9,Inferior,0,0,1,1,1
68,1,26.0,1,0,0,1,108,102,79,196.2,101.9,47.3,201.9,77.0,0.186,4.07,0,0,0,60.4,None,0,0,0,0,0
42,1,32.4,1,0,1,1,132,89,73,182.7,78.3,31.5,60.0,107.2,0.028,2.93,0,0,1,47.6,None,0,0,0,0,0
48,1,34.2,1,0,1,0,120,95,72,230.0,121.7,38.0,111.3,127.2,0.366,6.55,0,1,1,63.1,Anterior,1,0,1,1,1
68,1,31.1,0,1,0,1,114,79,79,202.8,122.7,43.1,96.0,148.3,0.37,3.34,0,0,0,41.8,Inferior,0,0,1,1,1
48,1,29.8,0,0,0,1,102,77,69,231.4,130.4,45.4,138.3,120.2,0.021,2.62,0,0,0,61.8,None,0,0,0,0,0
56,1,29.5,0,1,1,0,107,83,63,192.8,113.0,31.0,218.5,173.5,0.193,9.03,0,0,1,59.3,Apical,0,1,0,1,1
64,0,25.2,1,1,1,1,153,83,81,177.1,113.7,37.9,201.2,121.6,0.272,4.67,0,0,0,53.2,Inferior,1,0,1,1,1
48,1,27.2,0,0,1,0,116,92,72,180.5,103.7,23.5,296.6,113.8,0.058,3.49,0,1,1,48.4,None,0,1,1,1,1
59,0,35.5,0,0,0,0,119,81,74,290.9,157.7,54.4,224.8,70.0,0.075,4.3,0,0,0,50.8,None,0,0,0,0,0
44,1,23.5,1,0,0,0,134,77,87,214.5,127.9,36.6,113.8,103.5,0.024,5.35,0,0,0,52.2,None,0,0,0,1,1
52,0,35.2,0,1,1,0,127,101,72,121.7,59.5,48.7,129.2,138.6,0.188,9.79,0,1,0,36.8,Anterior,1,0,0,1,1
61,0,26.3,1,0,0,0,108,55,74,183.2,105.9,58.2,313.9,119.9,0.077,3.41,0,0,0,67.0,Anterior,1,0,0,1,1
41,0,33.9,0,0,1,1,140,91,66,209.1,145.6,46.2,223.4,118.4,0.079,11.39,1,0,1,58.9,Lateral,0,0,0,0,0
63,0,21.3,1,1,1,0,154,93,79,282.5,165.4,42.9,227.4,151.4,0.094,6.53,0,0,0,42.9,Inferior,0,1,0,1,1
58,0,30.5,0,0,0,0,103,89,78,248.2,175.5,45.9,169.1,101.0,0.017,3.04,0,0,0,69.6,None,0,0,0,0,0
64,1,24.4,1,0,1,0,134,85,84,166.3,121.3,40.6,180.0,105.2,0.339,36.99,1,0,0,52.4,Anterior,0,1,1,1,1
60,1,21.3,1,0,0,0,94,80,67,306.6,175.3,52.5,83.5,96.2,0.111,2.53,0,0,0,60.0,None,0,0,1,1,1
72,1,28.8,0,0,1,1,130,95,68,203.7,105.6,43.1,173.6,93.8,0.015,3.29,0,0,0,46.4,None,0,0,0,0,0
59,0,32.4,0,1,0,1,122,92,83,257.3,153.6,38.6,198.9,168.9,0.75,7.97,1,0,0,35.9,Lateral,0,1,0,1,1
53,0,23.9,0,0,0,1,108,74,77,156.5,111.2,54.5,115.3,126.3,0.026,7.62,0,1,0,47.1,None,0,0,0,0,0
59,1,20.9,1,0,1,0,129,88,63,110.0,58.6,52.3,135.4,92.2,0.16,4.06,0,0,1,54.4,Lateral,1,0,0,1,1
64,1,27.4,1,1,1,0,114,102,89,145.8,101.1,26.6,278.3,144.8,0.037,7.61,0,1,1,59.2,Apical,0,1,0,1,1
59,1,27.4,0,0,0,1,123,56,53,110.0,84.1,55.3,158.1,96.6,0.17,6.76,0,0,0,60.8,Inferior,0,0,1,1,1
58,0,30.3,0,1,1,1,153,79,83,293.7,164.6,47.6,308.9,107.8,0.046,4.99,0,1,1,53.1,None,0,1,0,1,1
51,1,32.2,0,1,0,0,104,92,58,214.0,118.3,42.8,99.3,133.3,0.108,4.61,0,1,1,35.9,None,0,0,0,0,0
51,1,27.5,1,0,0,1,112,88,96,166.2,110.4,50.1,136.3,127.0,0.021,2.79,0,0,0,68.2,None,0,0,0,0,0
43,1,36.3,1,0,0,1,130,83,55,224.0,136.7,34.3,79.9,80.0,0.409,18.0,1,0,0,59.8,Inferior,1,0,1,1,1
76,1,28.8,0,0,0,1,141,73,87,213.0,117.5,49.5,98.5,137.3,0.349,5.49,1,0,0,52.0,Lateral,0,1,1,1,1
45,0,26.2,0,0,0,0,98,69,73,231.1,133.4,40.2,119.4,118.4,0.235,12.25,1,0,0,67.1,Inferior,1,0,1,1,1
51,0,20.4,0,0,0,1,119,72,69,255.8,152.4,29.3,182.3,103.0,0.021,10.8,0,1,0,68.0,Lateral,0,0,0,0,0
50,0,26.6,0,0,0,0,126,93,76,192.8,92.2,34.0,179.7,106.2,0.186,2.83,0,0,0,67.2,Lateral,0,0,0,0,0
67,1,26.3,0,0,0,0,120,71,81,168.0,112.3,45.7,127.6,76.7,0.406,5.65,0,1,0,51.0,Lateral,1,1,1,1,1
55,0,32.2,0,1,0,0,90,79,63,239.8,136.7,34.5,72.5,134.7,0.269,5.85,0,0,1,44.0,None,0,1,0,1,1
71,1,29.9,0,0,1,0,145,78,64,238.7,101.5,56.1,246.3,123.8,0.689,3.86,0,0,1,60.9,Septal,1,1,1,1,1
51,0,22.4,0,0,0,0,146,86,81,209.2,125.2,55.9,149.3,82.7,0.077,8.36,1,0,0,47.1,Inferior,0,0,0,0,0
61,1,28.6,0,0,1,0,138,80,53,296.5,166.8,53.3,103.6,116.2,0.017,3.62,0,0,1,70.0,None,1,0,1,1,1
49,1,30.9,0,1,1,0,120,85,66,186.6,137.3,41.2,210.1,112.5,0.372,7.85,1,1,0,52.2,Apical,0,0,1,1,1
81,0,34.8,0,0,1,1,128,69,110,167.2,91.5,46.6,176.2,71.0,0.114,5.1,0,0,1,44.5,Apical,0,1,1,1,1
46,0,31.9,1,1,1,1,165,69,62,222.6,117.1,32.1,177.3,178.0,0.039,7.06,0,1,0,42.1,Anterior,0,0,0,0,0
61,1,31.3,1,0,1,0,151,86,87,176.7,113.6,50.0,173.2,94.8,0.161,3.88,0,0,1,47.8,Lateral,1,1,1,1,1
65,0,28.1,0,0,0,0,132,64,66,225.8,125.6,47.8,101.5,84.2,0.125,5.48,1,0,0,59.1,None,1,0,0,1,1
62,1,29.6,0,0,0,1,127,99,80,170.0,90.3,45.7,206.8,122.3,0.057,5.34,0,0,0,57.9,None,0,0,0,0,0
56,1,33.5,1,0,1,0,126,65,81,188.2,120.6,56.9,110.2,119.9,0.049,9.51,0,0,1,48.1,None,0,0,0,0,0
57,1,21.7,1,0,1,1,133,77,87,284.4,155.0,33.9,131.7,113.4,0.062,3.93,0,0,0,55.1,Anterior,1,1,0,1,1
58,1,26.2,0,0,1,1,135,86,71,188.0,90.9,38.7,200.7,83.6,0.162,7.01,1,0,1,47.1,Anterior,1,1,0,1,1
56,1,24.2,0,0,0,0,130,74,97,171.4,128.7,43.3,231.2,89.3,0.087,3.98,0,0,0,62.7,None,1,0,0,1,1
68,1,29.5,0,1,1,1,161,74,66,254.2,161.2,30.6,282.2,146.2,0.289,13.6,0,1,1,46.6,Inferior,1,1,1,1,1
81,1,33.5,0,0,1,1,154,76,76,160.9,92.6,38.1,223.1,108.9,0.064,2.91,0,1,0,50.0,None,0,0,0,0,0
52,0,25.1,0,1,0,0,99,68,76,175.9,105.5,48.9,177.2,129.8,0.053,5.11,0,1,1,41.7,None,0,0,0,0,0
44,1,18.5,0,0,0,0,125,75,60,229.2,145.1,36.7,80.2,98.4,0.05,3.29,0,1,1,55.6,None,0,1,0,1,1
57,0,25.9,1,0,1,0,148,105,70,244.4,161.2,57.1,242.3,100.3,0.02,3.67,0,0,0,54.7,None,0,0,0,0,0
85,1,32.0,0,0,1,0,146,86,75,256.3,142.4,24.9,240.4,120.7,0.038,2.97,0,0,0,55.5,None,1,0,1,1,1
50,0,30.3,0,0,0,0,111,89,68,173.6,109.7,55.2,128.0,110.1,0.019,3.53,0,0,0,59.3,None,0,0,0,0,0
75,1,29.8,0,0,1,0,183,91,103,230.0,130.4,46.6,215.7,70.0,0.038,3.97,0,0,0,59.3,None,0,0,0,0,0
76,1,26.5,0,0,0,0,101,89,63,185.4,108.4,34.3,146.7,90.7,0.023,2.63,0,0,0,49.1,None,0,0,0,0,0
52,1,21.9,0,0,0,1,104,55,88,179.6,110.2,30.8,247.6,76.4,0.35,7.03,0,0,0,43.1,None,1,0,0,1,1
64,1,30.2,0,1,0,0,125,74,84,255.5,153.2,20.0,166.7,151.4,0.11,4.64,0,0,0,59.9,Septal,0,0,0,0,0
75,1,24.0,1,0,0,0,155,91,73,181.9,120.2,32.0,273.8,113.5,0.078,5.69,0,0,0,45.5,None,0,0,0,0,0
54,0,37.8,0,1,0,0,108,72,63,216.7,137.3,54.5,238.2,142.0,0.149,9.68,0,1,1,43.1,Inferior,0,0,1,1,1
56,0,30.4,1,0,0,0,117,95,64,211.5,104.3,43.4,263.9,89.6,0.082,2.6,0,0,0,57.7,None,0,0,0,0,0
52,0,25.1,1,0,1,0,154,100,67,160.0,75.6,55.6,139.5,96.4,0.03,3.43,0,1,1,60.4,None,0,0,0,0,0
47,0,25.0,0,0,1,0,136,81,52,245.6,141.8,37.8,187.3,99.2,0.071,2.72,0,0,0,53.8,None,0,0,0,0,0
51,1,27.4,0,0,0,0,116,72,61,228.5,164.5,47.1,111.7,82.2,0.042,6.54,0,0,0,53.7,Septal,1,0,0,1,1
45,1,26.7,0,0,0,1,131,67,56,121.6,60.2,32.8,211.4,70.6,0.358,4.48,0,0,0,54.9,Anterior,0,0,0,0,0
58,1,32.9,1,0,0,1,126,71,90,216.7,126.9,30.3,214.4,70.0,0.115,3.61,0,1,1,69.3,Inferior,0,1,1,1,1
50,1,28.7,1,0,1,0,153,73,81,172.5,95.5,38.9,296.8,120.3,0.144,7.08,1,0,0,58.0,Inferior,0,0,1,1,1
60,1,24.4,1,0,0,0,142,82,83,251.1,142.3,33.4,191.5,104.9,0.026,2.51,0,0,0,50.3,None,0,0,0,0,0
42,1,36.5,0,0,0,0,126,63,81,144.3,89.3,24.6,204.8,102.3,0.581,12.93,1,0,0,50.3,Septal,1,0,0,1,1
61,1,28.0,1,0,1,1,141,92,76,190.0,135.0,38.2,139.1,120.3,0.063,10.83,0,0,1,56.0,None,0,0,0,0,0
67,1,31.3,0,0,1,0,140,92,91,220.2,139.0,41.1,194.8,70.0,0.029,3.72,0,0,1,54.9,None,0,0,1,1,1
37,0,25.0,0,1,0,1,129,61,66,207.3,112.3,56.7,174.1,105.3,0.02,2.91,0,0,0,55.9,None,0,0,0,0,0
62,0,29.5,0,1,0,0,122,93,75,237.0,183.5,53.4,201.4,147.7,0.06,6.13,0,0,0,53.0,None,0,1,0,1,1
71,1,29.2,0,0,0,0,121,83,82,141.2,85.9,52.2,174.6,100.9,0.153,6.35,0,0,0,46.3,None,0,0,0,0,0
45,0,19.1,1,1,1,0,156,93,58,274.4,156.0,51.2,175.6,105.4,0.328,7.08,0,0,0,48.6,Inferior,1,0,0,1,1
76,0,37.1,0,1,0,1,146,70,111,227.1,157.4,47.3,198.5,147.2,0.089,3.68,0,0,0,52.9,None,1,0,0,1,1
62,1,33.7,0,0,0,1,97,84,74,262.1,150.2,27.7,144.4,87.0,0.168,3.45,0,0,0,48.8,Inferior,0,0,0,0,0
51,1,26.0,0,0,1,0,137,97,75,241.7,170.0,41.5,144.1,78.9,0.106,2.64,0,0,1,54.3,None,1,1,0,1,1
57,1,22.7,1,1,0,0,110,77,89,204.5,109.6,46.0,254.2,133.3,0.189,11.86,0,0,0,56.8,Apical,0,0,1,1,1
64,0,29.4,1,0,0,0,117,98,84,151.1,112.1,58.6,174.6,70.0,0.028,5.63,0,1,1,65.0,None,0,0,0,0,0
59,0,28.2,0,1,0,0,128,78,74,181.3,111.8,50.9,214.1,128.2,0.799,6.02,1,0,1,50.5,Inferior,0,0,0,0,0
64,1,29.4,0,0,0,1,132,89,75,271.8,182.4,52.4,84.8,80.9,0.1,4.91,0,1,0,54.7,Inferior,0,0,0,0,0
48,1,28.7,0,0,0,1,120,80,55,263.2,186.4,29.7,188.3,106.1,0.192,15.97,1,0,0,47.4,None,0,0,0,0,0
60,1,30.1,1,0,0,1,91,83,67,179.0,90.4,36.7,194.2,91.8,0.09,4.97,0,0,0,62.2,None,0,0,0,0,0
43,1,34.5,0,0,0,1,106,61,80,110.0,85.1,44.3,143.1,107.8,0.059,4.47,0,1,0,68.6,None,0,0,0,0,0
57,1,30.4,0,1,0,0,136,81,79,196.1,96.5,51.6,309.7,89.0,0.038,3.93,0,0,1,70.0,None,0,1,0,1,1
49,0,23.0,0,1,1,1,93,78,88,192.9,100.0,42.5,69.1,123.2,0.094,2.89,0,0,0,55.1,None,0,1,0,1,1
50,0,34.1,0,0,0,1,140,69,72,194.5,104.6,43.2,208.1,106.1,0.415,12.5,1,0,1,57.6,Inferior,0,0,0,0,0
71,0,35.3,1,0,0,0,130,95,57,227.2,143.9,50.9,204.2,88.8,0.728,5.47,1,0,0,45.6,Anterior,1,1,0,1,1
69,0,42.3,0,1,1,1,158,83,86,241.8,145.6,32.7,224.8,156.9,0.295,17.94,1,0,1,32.0,Anterior,1,0,0,1,1
64,0,22.6,0,0,1,0,133,75,91,246.6,145.5,60.1,174.7,70.0,0.09,2.69,0,0,0,59.4,None,0,1,0,1,1
47,1,28.9,0,0,1,1,104,82,84,223.7,136.4,31.2,195.3,109.6,0.585,9.38,1,0,1,70.0,Septal,1,0,0,1,1
55,1,18.5,0,0,0,0,128,64,72,129.4,86.5,20.8,212.7,82.2,0.041,4.21,0,0,0,68.2,None,0,0,0,0,0
71,1,30.3,1,1,0,0,142,92,86,190.7,124.4,40.1,155.1,125.3,0.034,3.24,0,0,0,55.9,None,0,0,0,0,0
59,0,25.3,0,1,1,0,151,79,115,301.8,197.5,61.0,211.5,159.8,0.035,3.74,0,0,0,54.0,None,0,0,0,0,0
82,1,36.6,1,0,1,0,126,91,75,220.7,159.7,45.9,154.9,118.2,0.033,3.93,0,0,1,55.9,None,0,1,0,1,1
62,0,24.2,1,0,0,0,123,91,58,220.4,131.9,51.5,104.8,115.7,0.253,5.37,0,0,0,38.6,Inferior,0,0,1,1,1
60,1,20.0,0,1,1,0,128,80,66,220.1,124.2,40.4,234.4,180.8,0.096,5.67,0,0,1,58.1,Inferior,1,1,0,1,1
55,1,25.6,0,0,0,0,108,83,81,222.4,142.6,38.5,134.0,120.3,0.488,4.2,1,0,0,53.4,Inferior,0,0,1,1,1
59,1,18.7,0,0,1,0,152,75,54,110.0,50.0,24.6,82.6,79.1,0.043,8.09,0,0,1,52.4,Anterior,0,0,0,0,0
56,1,31.3,1,0,1,1,117,110,76,194.9,106.8,20.0,135.3,97.8,0.579,5.43,0,0,1,55.4,Apical,1,1,0,1,1
65,0,18.5,0,1,1,1,122,95,78,203.4,137.0,46.0,151.1,132.8,0.618,8.62,1,0,0,49.1,Anterior,1,0,0,1,1
68,0,27.9,0,0,1,0,119,84,92,258.8,153.4,57.1,221.6,135.6,0.153,15.1,1,0,1,47.3,Anterior,1,0,1,1,1
50,1,18.5,0,0,1,1,113,78,89,207.0,106.1,43.4,173.4,117.1,0.021,3.03,0,1,1,58.1,None,1,0,0,1,1
44,1,26.3,1,0,0,0,124,76,84,135.8,59.1,46.2,241.0,91.2,0.038,2.76,0,0,0,53.5,None,0,0,0,0,0
39,1,35.4,0,0,0,1,140,74,48,223.1,134.6,55.8,128.3,112.6,0.517,3.06,1,0,0,58.8,Anterior,0,0,0,0,0
63,1,29.5,0,0,0,0,119,97,85,171.2,119.8,43.3,213.1,70.4,0.019,3.78,0,0,0,46.1,None,0,0,0,1,1
46,1,23.8,0,0,0,0,97,65,82,153.9,109.3,38.8,321.2,100.0,0.122,5.59,0,1,0,56.3,Anterior,1,0,1,1,1
35,0,27.7,0,0,1,0,150,87,77,170.0,103.7,35.8,184.6,76.2,0.071,4.21,0,0,0,49.2,None,0,0,0,0,0
62,1,27.9,1,0,0,0,148,77,53,227.8,166.8,60.2,212.4,70.0,0.96,6.42,1,0,0,52.9,Lateral,1,1,1,1,1
84,1,30.0,0,0,0,1,111,76,64,257.9,153.2,45.3,203.1,110.7,0.141,6.97,1,0,1,54.1,Apical,1,1,1,1,1
58,1,21.5,1,0,1,1,129,84,59,225.3,133.1,30.6,86.8,113.2,0.098,5.64,0,0,0,45.2,None,1,0,0,1,1
67,1,30.5,1,1,1,0,145,84,49,231.5,100.4,28.3,227.2,149.1,0.036,6.48,0,0,1,40.4,Lateral,0,1,0,1,1
59,1,18.5,0,1,0,0,147,86,73,224.9,128.2,52.5,211.9,136.3,0.273,7.62,0,1,0,56.6,Septal,0,0,0,0,0
57,1,24.9,1,0,0,1,113,84,64,209.3,138.4,29.6,150.7,70.0,0.094,5.71,1,0,0,46.7,Apical,1,0,0,1,1
68,1,25.6,0,1,0,1,100,82,105,234.3,164.0,58.5,146.4,116.8,0.062,2.68,0,0,0,61.2,None,0,0,0,0,0
55,1,30.7,0,0,1,0,147,55,71,110.0,53.5,20.0,203.2,75.6,0.229,9.45,0,0,1,67.6,Lateral,1,1,0,1,1
61,1,27.9,1,1,0,0,134,80,89,209.7,132.8,54.2,141.5,135.3,0.028,3.85,0,0,0,48.0,None,0,1,0,1,1
61,1,21.3,0,0,1,1,137,69,55,161.1,112.4,44.9,282.4,116.5,0.038,4.56,0,0,0,51.7,Inferior,0,0,0,1,1
51,1,23.3,1,0,0,0,113,84,67,253.8,152.4,41.2,171.3,116.2,0.179,4.66,1,1,0,59.6,Inferior,1,0,0,1,1
68,0,28.7,0,0,0,0,137,92,75,198.8,85.0,42.2,97.7,70.0,0.141,5.78,0,0,0,41.4,Inferior,0,0,1,1,1
56,1,27.4,1,0,1,0,145,76,63,206.3,127.5,58.9,136.7,81.1,0.424,11.39,0,1,1,42.0,None,0,0,0,1,1
50,1,25.1,0,1,0,1,109,75,68,141.8,96.5,47.1,179.7,125.6,0.194,16.59,0,0,0,48.3,Lateral,0,1,0,1,1
64,1,25.6,0,0,0,1,122,72,71,247.7,134.4,31.0,297.7,70.0,0.197,4.91,0,0,0,56.9,Anterior,0,0,0,0,0
49,1,31.0,0,0,0,1,100,90,71,231.3,135.0,22.8,116.3,106.3,0.018,6.87,0,0,0,58.8,None,0,0,0,0,0
58,1,25.4,1,0,0,1,132,78,96,228.4,119.7,41.8,158.6,90.1,0.138,5.57,0,1,1,53.1,Anterior,1,0,0,1,1
58,0,27.4,1,0,0,1,117,95,78,170.9,64.0,44.0,135.4,92.7,0.098,4.32,0,0,0,68.2,Septal,0,0,0,0,0
69,0,37.8,0,0,0,0,115,82,79,172.5,118.9,28.8,192.5,121.9,0.144,8.44,0,1,0,41.0,Apical,0,0,1,1,1
63,1,21.3,1,0,0,1,121,80,80,214.4,128.6,39.4,136.3,96.8,0.604,7.9,1,1,0,48.9,Inferior,0,0,1,1,1
58,1,19.3,0,1,0,0,122,78,81,175.8,129.4,34.3,132.4,131.4,0.08,2.84,0,0,1,55.9,None,1,0,0,1,1
67,1,31.4,0,0,1,1,151,94,73,223.3,146.8,40.1,154.3,106.4,0.438,9.41,1,1,1,43.7,None,0,0,0,0,0
73,0,24.7,1,0,1,0,146,68,70,114.2,63.2,51.3,148.5,116.2,0.328,3.75,0,0,1,43.4,None,0,0,0,0,0
64,0,26.3,1,1,1,0,134,86,76,184.5,109.5,58.9,162.4,145.9,0.018,4.76,0,0,0,53.0,None,0,0,0,0,0
58,1,24.2,1,0,1,1,149,85,87,280.5,176.8,49.1,135.4,108.8,0.048,2.95,0,0,1,49.6,None,0,0,0,0,0
44,1,26.6,1,0,0,1,128,85,87,223.5,148.6,32.8,230.2,92.1,0.033,2.71,0,0,0,56.9,None,0,0,0,0,0
47,1,35.2,0,0,0,0,115,76,71,212.0,132.0,43.7,147.4,93.4,0.047,2.87,0,0,0,52.4,None,0,0,1,1,1
55,1,31.5,1,1,0,0,120,67,83,288.4,189.6,40.6,132.6,142.3,0.052,7.87,0,0,0,45.1,Septal,0,0,1,1,1
52,1,31.8,0,0,0,0,119,78,71,110.0,61.5,26.7,139.6,79.9,0.081,8.27,0,0,0,41.2,Inferior,0,0,1,1,1
56,1,21.3,0,1,0,0,130,67,74,170.8,87.5,44.0,198.0,128.6,0.196,9.93,0,1,0,53.1,Lateral,0,0,0,0,0
59,0,22.5,0,1,0,1,116,58,68,188.2,111.9,62.6,121.5,167.6,0.348,5.28,0,0,0,42.0,None,0,1,0,1,1
64,1,18.5,0,0,1,0,130,93,71,241.1,147.7,40.3,254.4,135.2,0.02,5.97,0,0,1,56.7,None,0,0,1,1,1
57,1,24.1,0,1,1,1,168,91,90,241.8,127.1,24.1,242.7,171.8,0.03,3.4,0,0,1,47.9,None,0,0,0,0,0
63,0,32.2,0,0,0,0,137,82,75,168.6,81.1,44.3,243.7,70.0,0.344,15.59,1,1,0,56.3,Anterior,1,0,0,1,1
59,1,30.2,0,0,1,1,124,99,75,246.9,154.9,27.9,186.6,70.0,0.095,7.27,0,0,1,56.8,Inferior,0,0,0,0,0
37,1,26.8,0,1,1,1,146,79,56,188.1,106.8,48.6,79.8,116.2,0.205,9.85,0,0,0,53.5,Anterior,0,0,0,0,0
48,1,27.7,0,1,1,0,138,71,70,255.9,151.1,45.2,279.4,142.7,0.126,5.98,0,0,0,46.2,Lateral,0,1,0,1,1
56,1,24.6,0,0,0,0,128,77,71,161.6,91.6,38.3,117.5,70.0,0.065,8.79,0,0,0,67.9,Septal,0,0,0,0,0
45,0,28.7,0,0,0,1,124,74,64,199.8,142.7,40.7,122.0,83.2,0.282,8.73,0,0,1,43.2,Anterior,0,0,0,0,0
64,1,31.3,1,0,0,1,141,69,74,184.4,129.6,37.9,173.6,123.1,0.061,3.05,0,0,0,56.2,None,0,0,0,0,0
74,1,20.4,1,0,0,0,127,77,68,249.4,131.1,40.1,240.8,114.6,0.472,4.73,1,1,0,59.7,Septal,1,0,1,1,1
71,1,29.2,1,0,1,0,136,79,74,183.0,101.8,32.3,222.9,84.8,0.298,8.39,0,0,1,56.8,Inferior,1,1,1,1,1
56,0,32.1,0,0,0,0,138,59,75,203.2,134.7,30.1,214.8,86.3,0.106,6.47,0,0,0,50.2,Inferior,1,0,0,1,1
74,0,25.9,1,0,0,0,125,73,62,226.3,144.8,55.4,147.8,106.3,0.371,8.06,0,0,0,46.5,Inferior,0,0,1,1,1
60,1,31.0,0,0,1,0,138,74,69,227.9,136.1,36.1,147.0,113.7,0.123,6.76,1,0,0,49.9,None,1,1,0,1,1
54,1,40.7,0,0,1,0,142,88,74,242.3,128.3,41.7,184.0,84.3,0.058,3.33,0,0,0,62.8,None,0,0,0,0,0
52,0,27.3,0,1,0,1,120,71,88,213.9,118.1,46.9,187.8,135.3,0.059,2.98,0,1,1,46.1,None,0,0,0,0,0
55,1,29.6,1,1,1,1,137,97,77,187.4,104.7,43.2,243.9,128.7,0.062,2.51,0,0,1,54.0,None,0,0,0,0,0
54,0,24.4,0,0,0,1,112,94,66,190.3,118.3,32.3,210.7,70.0,0.074,11.8,0,1,0,60.1,Anterior,0,0,0,0,0
60,0,28.6,0,0,0,1,109,84,78,206.1,149.2,27.2,197.5,90.6,0.075,5.11,0,0,0,70.0,None,0,0,0,0,0
60,0,29.9,0,0,0,1,106,62,94,215.5,119.0,38.1,60.0,89.1,0.085,8.99,1,0,0,60.5,Lateral,1,0,0,1,1
58,1,28.7,1,0,1,0,114,101,85,198.8,103.9,44.0,172.0,70.0,0.5,7.44,0,0,0,51.5,Anterior,0,0,1,1,1
63,1,23.1,1,0,1,0,122,101,80,205.8,121.9,32.7,159.0,107.9,0.052,4.99,0,0,0,46.3,None,0,0,1,1,1
71,0,28.7,0,1,0,1,119,78,82,141.3,100.3,40.5,204.2,149.7,0.107,8.92,0,0,0,44.8,None,0,0,0,0,0
68,1,34.5,0,0,0,0,123,91,91,233.0,118.1,61.3,123.5,108.9,0.062,3.67,0,1,0,52.0,Anterior,0,1,1,1,1
42,1,29.9,0,0,0,0,117,72,86,212.6,149.4,21.5,92.1,79.6,0.053,6.48,0,0,0,40.3,None,0,0,0,0,0
31,0,32.2,1,0,0,1,90,59,80,247.1,145.7,36.4,190.5,70.0,0.496,4.95,1,1,0,52.3,Inferior,1,1,0,1,1
68,0,26.7,0,0,0,1,147,70,86,205.0,112.0,63.0,145.4,104.3,0.171,8.99,0,0,1,55.4,Lateral,1,1,0,1,1
44,1,31.2,1,0,0,1,139,95,61,132.0,55.2,39.6,196.6,81.7,0.324,9.78,0,0,0,53.7,Anterior,1,0,0,1,1
56,1,29.1,0,1,1,0,144,71,55,189.9,124.5,32.9,158.1,122.2,0.039,4.83,0,0,0,59.7,None,0,0,0,0,0
46,1,23.4,1,0,1,1,167,85,75,196.6,115.4,51.7,242.9,70.0,0.467,5.74,0,0,0,45.5,Lateral,0,0,0,0,0
39,0,29.3,0,0,0,1,106,78,74,236.2,144.3,44.6,220.1,89.5,0.029,3.53,0,0,0,63.4,None,0,0,0,0,0
64,0,23.2,0,0,0,0,152,72,67,118.0,57.3,40.5,181.3,126.5,0.019,3.36,0,0,0,65.3,None,0,0,0,0,0
66,1,24.9,0,1,0,1,106,73,83,206.7,119.2,41.9,183.3,129.9,0.065,5.21,1,1,0,54.7,Anterior,1,0,0,1,1
52,1,28.7,0,0,0,0,125,78,51,226.6,128.7,33.4,211.9,73.2,0.28,5.23,0,0,1,45.5,Septal,0,0,0,0,0
31,0,29.2,0,0,1,0,116,80,67,177.2,104.8,33.8,186.6,108.0,0.025,2.58,0,1,1,60.5,None,0,0,0,0,0
52,1,22.3,1,1,1,0,137,71,68,208.1,114.8,38.9,208.1,143.5,0.087,10.74,0,0,1,46.6,Septal,0,0,1,1,1
62,1,32.6,0,0,0,0,128,80,54,178.7,84.2,29.9,222.4,70.0,0.189,3.33,0,0,0,46.8,None,0,0,0,0,0
42,0,30.4,1,0,0,0,119,88,91,174.4,145.6,44.1,243.5,108.2,0.022,6.43,0,0,0,54.7,None,0,0,0,0,0
60,1,24.6,1,0,1,0,148,94,57,187.8,92.2,43.5,96.1,137.6,0.051,5.27,0,0,0,50.8,Inferior,0,0,1,1,1
58,0,20.7,0,0,0,0,123,69,66,175.2,107.8,52.5,107.2,70.0,0.093,3.01,0,0,0,65.4,None,1,0,0,1,1
64,1,27.1,1,0,1,0,128,73,84,233.7,113.6,51.3,122.1,70.3,0.042,2.88,0,0,0,62.1,None,0,0,1,1,1
59,1,25.7,1,0,0,1,112,75,81,174.1,74.5,35.9,82.4,70.0,0.063,10.67,0,0,0,48.8,None,0,0,0,0,0
48,0,28.3,0,0,1,0,149,101,60,167.1,101.7,49.0,161.5,93.5,0.127,4.72,0,0,0,52.2,None,0,0,0,0,0
71,1,26.1,1,0,1,0,126,92,82,279.3,170.2,44.9,198.0,114.8,0.074,2.93,0,0,0,50.0,None,1,0,1,1,1
56,0,18.6,0,0,1,1,151,93,77,245.4,166.2,47.3,163.8,97.1,0.103,3.07,0,0,0,57.4,Inferior,1,0,0,1,1
58,1,26.0,0,0,1,0,156,94,101,126.8,82.1,35.2,135.6,122.8,0.096,5.43,0,0,0,66.1,Inferior,1,0,0,1,1
48,1,26.4,1,0,0,0,95,82,78,172.9,101.5,29.7,227.0,111.6,0.248,3.79,0,0,0,63.5,Apical,0,0,0,0,0
53,1,30.7,0,1,1,0,155,87,72,215.2,114.9,45.0,202.7,174.0,0.505,5.26,0,1,0,52.4,Inferior,0,0,0,0,0
49,1,24.6,0,0,1,1,169,92,63,218.6,153.6,22.9,183.9,118.2,1.457,15.13,1,0,0,55.9,Inferior,1,1,1,1,1
56,1,35.5,0,0,0,1,126,72,65,142.4,99.4,37.3,228.5,86.9,1.645,12.23,1,0,0,43.8,Inferior,1,0,1,1,1
76,1,19.0,1,0,0,1,131,63,64,253.7,133.5,20.0,158.2,96.3,0.842,7.86,1,1,0,63.3,Septal,1,1,0,1,1
44,1,33.8,1,0,0,1,138,85,90,239.7,144.4,26.6,278.3,77.6,1.051,10.33,1,0,0,54.4,None,1,0,0,1,1
41,1,26.8,0,0,0,0,117,90,74,225.2,137.3,31.2,140.4,90.4,0.026,4.21,0,1,0,70.0,None,0,0,0,0,0
73,0,31.8,1,0,0,0,124,66,80,262.0,152.0,55.0,274.9,96.2,0.495,6.17,0,0,0,54.6,Inferior,0,0,1,1,1
56,0,28.2,1,0,1,0,115,94,92,224.0,146.0,50.9,111.4,93.3,0.058,2.82,0,0,0,70.0,None,0,0,0,0,0
51,0,33.0,0,0,0,0,124,94,48,223.8,146.8,38.5,193.5,121.8,0.094,3.61,1,0,0,62.9,Septal,1,0,0,1,1
69,1,26.0,0,1,1,1,144,85,89,270.4,159.4,47.3,159.7,133.4,0.042,4.11,0,0,0,35.5,Anterior,1,0,1,1,1
52,1,22.7,1,0,0,1,130,69,74,251.3,146.6,48.9,226.6,76.4,0.071,3.04,0,0,0,53.1,None,1,0,0,1,1
77,0,34.3,1,0,0,0,139,79,79,169.7,124.3,42.4,138.7,77.6,0.261,8.14,0,1,0,51.6,Lateral,1,0,0,1,1
65,1,27.3,1,0,0,1,109,72,64,231.6,153.0,26.2,181.0,108.1,0.094,7.44,0,1,1,51.0,None,0,1,0,1,1
53,1,28.8,0,0,0,0,113,71,64,177.1,107.3,37.9,129.2,70.0,0.056,9.27,0,0,0,55.0,Apical,0,0,1,1,1
81,0,33.5,0,0,0,0,152,82,79,226.2,111.3,43.0,216.5,91.0,0.538,20.71,0,0,0,42.1,Apical,0,1,0,1,1
52,0,23.1,0,0,0,1,119,61,102,225.0,140.2,31.7,128.9,121.6,0.091,5.02,1,0,0,58.0,Inferior,0,0,0,0,0
66,1,30.5,0,0,0,0,125,63,86,146.9,98.6,43.7,257.6,100.9,0.018,3.71,0,0,0,54.9,None,0,0,0,0,0
61,1,25.1,0,1,1,0,135,86,89,199.9,78.6,42.8,140.2,138.5,0.646,11.62,1,0,0,44.0,None,0,0,0,0,0
72,0,27.2,1,1,1,0,123,85,71,216.1,133.4,48.5,121.0,139.3,0.665,9.12,0,0,1,62.5,Anterior,0,1,1,1,1
74,1,28.1,0,0,0,0,147,81,66,186.7,105.8,42.8,217.3,74.4,0.094,8.07,1,1,0,53.5,Lateral,1,1,0,1,1
58,0,20.9,1,0,1,1,128,104,64,218.2,127.6,51.3,132.5,77.9,0.05,2.96,0,0,0,51.5,None,0,0,0,0,0
50,0,24.2,0,1,1,1,118,87,68,238.8,129.7,42.2,194.6,136.1,0.199,2.97,0,0,1,39.0,None,0,0,0,0,0
63,0,34.0,0,0,0,0,114,83,49,203.7,120.0,46.0,147.3,100.4,0.023,2.98,0,0,0,58.5,None,0,0,0,0,0
51,1,31.9,0,0,1,0,104,76,65,214.4,149.5,36.0,92.8,114.0,0.305,4.67,1,0,1,55.9,Anterior,0,0,0,0,0
79,1,27.5,0,0,1,1,126,93,67,263.1,151.2,34.2,160.8,96.9,0.398,16.53,1,0,1,59.3,Septal,1,1,0,1,1
59,0,28.9,0,0,0,1,106,72,71,224.9,149.4,57.4,234.6,122.1,0.032,4.41,0,0,0,56.9,None,0,0,0,0,0
54,0,26.4,1,0,0,0,131,78,75,213.4,115.9,23.6,220.2,127.1,0.025,3.32,0,0,0,48.5,None,0,0,0,1,1
60,0,34.0,1,0,0,0,111,76,78,164.8,110.3,52.8,177.7,110.9,0.456,9.55,0,0,0,70.0,Inferior,0,0,0,0,0
44,1,26.9,0,0,0,1,136,88,73,233.2,139.9,33.8,226.2,119.5,0.063,5.24,0,1,0,61.5,Lateral,0,0,0,0,0
48,1,28.9,0,0,1,0,159,72,67,218.9,136.6,32.5,106.7,75.2,0.108,8.45,0,0,1,56.0,Lateral,0,1,0,1,1
71,0,33.1,1,1,0,0,134,55,50,258.9,155.4,46.6,177.1,117.0,0.298,11.93,1,1,0,48.3,Lateral,1,1,1,1,1
51,0,24.2,0,0,1,0,133,83,67,207.0,133.8,29.1,186.8,105.4,0.045,5.66,0,0,1,61.8,None,0,0,0,0,0
47,0,35.0,0,0,1,0,139,90,62,128.7,50.0,35.8,157.8,70.0,0.045,3.19,0,0,0,46.6,None,0,0,0,0,0
64,0,20.8,0,0,1,0,112,87,79,133.6,58.9,35.5,151.4,89.2,0.53,9.72,1,0,0,59.3,Apical,0,0,0,0,0
70,1,35.3,1,0,1,0,134,98,84,235.9,147.8,37.8,99.0,110.4,0.272,36.42,1,0,0,49.4,Apical,1,0,1,1,1
66,0,26.1,0,1,0,1,108,82,85,181.1,78.0,36.0,80.5,168.3,0.329,7.92,0,0,0,51.1,Inferior,0,0,1,1,1
68,0,26.7,0,0,0,0,133,72,83,223.3,126.0,60.0,210.0,89.9,0.132,4.81,0,0,0,47.1,Inferior,0,0,0,0,0
50,1,19.1,1,0,1,0,178,62,72,209.8,125.1,58.0,178.4,82.0,0.025,4.18,0,1,0,53.2,Apical,1,0,0,1,1
43,0,25.7,0,1,0,0,129,75,67,198.0,106.4,23.8,244.6,146.4,0.166,3.92,0,1,1,65.3,Anterior,0,0,0,0,0
74,1,23.0,0,0,0,1,90,88,65,201.0,110.2,45.4,141.0,73.5,0.056,2.64,0,0,0,62.8,None,0,0,0,0,0
55,1,25.0,0,0,1,0,131,82,55,168.7,105.3,48.6,125.8,91.5,2.161,6.25,1,0,0,31.6,Inferior,0,0,0,0,0
55,0,27.2,1,0,1,0,138,86,85,204.3,137.7,49.4,165.4,94.8,0.04,5.4,1,0,1,67.3,Apical,0,0,1,1,1
72,1,32.2,0,0,0,0,123,82,71,180.5,93.9,33.4,212.0,94.4,0.184,8.53,0,0,0,52.4,Inferior,1,0,1,1,1
64,1,28.8,1,0,1,1,125,75,59,189.4,105.0,37.6,152.3,96.8,0.053,6.94,0,1,1,52.3,Lateral,0,1,0,1,1
63,1,29.2,1,0,1,0,140,92,64,191.4,103.9,32.5,209.1,78.3,0.057,3.16,0,1,0,49.9,Anterior,0,0,0,0,0
81,1,22.8,0,0,0,0,102,94,63,195.5,81.0,35.8,109.7,80.5,0.299,9.12,1,0,0,45.4,None,1,0,1,1,1
51,1,23.7,1,1,0,0,106,76,74,243.7,148.3,27.9,186.1,125.1,0.075,5.71,1,0,0,46.6,None,0,0,1,1,1
68,1,36.1,0,1,1,1,147,74,86,199.5,133.7,38.9,191.1,107.6,0.492,7.19,0,0,1,38.0,Apical,0,0,1,1,1
59,0,24.4,0,1,0,0,105,77,69,248.0,164.0,29.0,262.5,146.8,0.261,11.14,0,0,0,41.2,Anterior,1,0,0,1,1
61,1,35.4,0,1,0,1,130,55,48,269.6,148.7,38.0,206.4,157.9,0.057,4.25,0,0,0,43.7,None,0,0,0,0,0
74,1,26.7,0,0,0,1,100,81,71,240.9,125.8,27.5,261.0,110.9,0.133,11.33,0,0,0,55.6,Apical,0,1,0,1,1
63,1,27.8,0,0,1,1,165,90,72,227.4,136.8,42.1,90.9,89.8,0.045,9.98,0,0,0,58.4,Anterior,0,1,0,1,1
64,0,32.7,0,0,0,0,109,94,71,218.7,143.7,37.2,172.1,78.8,0.767,9.97,1,0,0,62.4,Lateral,1,0,0,1,1
69,1,33.7,0,1,0,1,118,76,66,241.3,147.1,42.9,204.9,154.9,0.044,6.85,0,0,0,46.5,Anterior,0,1,0,1,1
54,0,27.3,1,0,0,0,127,82,76,208.8,129.6,54.8,199.1,107.8,0.109,4.71,0,0,0,47.5,None,0,0,0,0,0
49,0,26.0,0,1,1,0,127,77,74,246.4,165.0,59.9,150.3,144.3,0.216,12.15,0,1,0,56.0,Inferior,0,1,0,1,1
47,0,27.5,1,0,0,1,124,74,73,230.8,127.4,20.0,257.6,129.9,1.4,5.76,1,0,0,50.0,Apical,0,0,0,0,0
37,1,29.4,0,1,1,0,146,70,78,189.9,110.6,31.7,195.7,139.5,0.019,3.15,0,0,0,57.2,None,0,0,0,0,0
80,0,31.9,0,0,1,0,152,84,68,242.6,170.1,41.0,105.2,89.9,0.128,9.6,0,1,0,43.7,Lateral,0,1,1,1,1
46,1,27.8,0,0,0,0,134,74,68,208.8,122.3,44.6,164.1,87.0,0.03,3.12,0,0,0,52.5,None,0,1,0,1,1
56,0,30.6,0,1,1,0,134,88,90,200.5,101.3,27.5,177.8,108.8,0.122,7.76,0,0,1,49.1,None,0,1,0,1,1
55,0,35.3,0,0,1,0,134,79,80,185.0,101.0,34.2,318.1,108.2,0.153,5.96,0,0,0,63.4,None,0,0,0,0,0
61,1,29.6,1,1,1,1,174,86,83,212.0,113.1,41.3,252.7,137.9,0.104,3.77,0,0,1,53.4,Septal,1,0,0,1,1
67,1,29.2,1,0,0,1,137,74,88,246.9,153.5,40.8,167.7,105.2,0.112,7.51,0,0,0,53.2,Anterior,1,0,0,1,1
67,1,20.8,1,0,1,1,122,82,80,242.3,131.9,43.8,158.8,131.8,0.107,7.72,0,0,1,68.1,Anterior,0,0,0,0,0
52,0,18.5,0,0,1,0,138,86,85,219.8,135.9,48.4,217.3,87.2,0.152,6.7,1,0,0,43.3,Lateral,0,1,0,1,1
56,1,29.6,1,0,1,1,131,86,55,230.2,127.1,43.4,219.9,70.0,0.036,3.8,0,0,0,49.7,None,0,1,1,1,1
61,1,27.4,0,0,0,0,119,85,76,258.4,123.2,41.9,60.0,104.6,0.029,3.49,0,0,0,49.4,None,0,0,0,1,1
55,1,25.4,0,0,1,0,117,84,71,198.7,123.8,40.6,200.4,98.3,0.069,5.69,0,0,0,43.8,None,0,0,0,0,0
75,0,28.9,1,0,0,0,115,74,94,158.2,97.1,50.6,166.5,80.4,0.186,6.0,1,1,0,47.2,Inferior,1,0,0,1,1
63,0,27.5,1,0,0,0,150,76,85,259.6,163.5,21.6,92.9,102.9,0.116,5.73,0,0,0,63.5,Anterior,0,0,0,0,0
66,0,33.0,0,0,0,0,131,70,66,182.7,99.5,59.4,213.4,110.7,0.072,5.95,0,1,1,48.3,Septal,1,0,0,1,1
65,0,28.2,0,0,1,0,97,82,78,176.0,93.9,22.0,288.5,76.1,0.128,4.13,0,0,1,55.3,Anterior,0,0,1,1,1
70,1,24.4,0,1,0,0,141,98,76,129.6,83.8,29.2,225.6,134.0,0.519,6.49,0,0,0,33.2,None,1,0,1,1,1
60,1,32.4,1,0,1,0,154,76,79,229.0,160.2,37.7,225.5,124.5,0.045,8.41,1,0,0,51.6,Lateral,1,1,0,1,1
44,0,26.8,0,0,1,0,131,83,61,136.9,82.3,50.7,264.2,80.6,0.023,2.55,0,1,1,54.3,None,0,0,1,1,1
62,1,30.2,1,0,0,1,133,74,78,173.5,110.5,20.0,119.3,96.3,0.308,4.42,0,1,0,63.1,Septal,1,0,0,1,1
51,1,25.6,0,0,1,1,123,83,71,229.7,133.0,39.7,62.8,70.0,0.181,4.63,1,0,1,44.6,None,0,0,0,0,0
52,1,24.8,0,0,0,0,114,74,77,235.3,118.0,47.9,201.1,70.0,0.023,2.7,0,0,0,54.4,None,0,0,0,0,0
64,1,28.2,0,1,0,0,145,80,65,177.6,121.1,49.9,181.4,143.2,0.052,9.14,0,1,1,60.7,Anterior,1,1,0,1,1
71,1,27.9,0,1,1,1,132,68,66,199.4,133.3,33.0,119.4,164.6,0.192,4.08,0,1,1,43.4,None,1,0,0,1,1
58,0,30.0,0,0,1,0,107,96,88,168.4,111.7,41.0,160.7,70.0,0.148,4.79,0,0,1,41.1,None,0,0,1,1,1
61,1,26.6,1,0,1,1,135,92,61,182.0,106.5,33.8,205.0,96.5,0.078,11.03,0,0,0,68.2,Anterior,0,1,0,1,1
76,1,19.4,1,1,1,0,135,73,62,216.2,138.7,36.1,186.8,132.5,0.04,4.61,0,0,0,52.9,None,1,1,1,1,1
61,1,25.8,1,0,0,1,141,55,73,183.9,123.7,29.7,121.7,114.1,0.033,2.53,0,0,1,65.0,None,1,0,0,1,1
85,0,31.5,1,0,0,0,122,68,64,194.7,141.1,35.1,152.7,70.6,0.086,3.4,0,1,1,39.0,None,1,1,0,1,1
64,1,26.4,1,0,0,0,115,75,63,143.5,100.9,44.3,163.9,103.6,0.571,12.55,1,0,0,70.0,Anterior,1,0,1,1,1
40,0,26.7,0,0,0,1,138,103,75,252.6,152.5,45.3,60.0,81.9,0.037,4.48,0,0,0,51.8,None,0,0,0,0,0
66,0,32.3,1,1,0,0,123,83,55,226.4,116.2,48.9,187.1,144.5,0.201,7.08,0,0,0,42.9,None,0,0,1,1,1
62,1,24.5,0,0,0,0,109,59,61,238.3,145.3,42.1,91.1,96.4,0.042,5.8,0,0,0,52.4,Anterior,1,0,0,1,1
72,0,20.7,0,0,0,0,140,71,98,259.2,159.4,51.0,201.2,90.0,0.465,6.03,1,0,0,60.6,Inferior,0,0,1,1,1
65,0,27.1,0,0,0,1,125,77,79,170.3,112.8,52.8,79.1,104.6,0.154,20.48,1,1,0,56.6,Inferior,0,0,0,0,0
57,0,25.6,0,1,0,0,122,80,65,189.9,134.2,26.6,250.7,140.9,0.038,3.09,0,1,1,55.9,None,0,0,0,0,0
45,0,23.4,0,1,1,0,139,72,79,125.4,73.8,35.5,172.5,137.3,0.032,3.51,0,1,0,52.6,None,0,1,0,1,1
56,1,27.0,1,0,1,0,119,84,80,336.9,233.7,37.7,135.1,87.9,0.552,4.35,1,1,0,57.2,Anterior,1,0,0,1,1
49,1,30.1,0,0,1,0,128,78,85,198.7,92.8,39.8,181.2,96.6,0.051,6.91,1,0,0,50.4,Septal,1,1,0,1,1
52,1,27.8,0,0,0,1,122,66,72,248.6,155.5,33.3,117.4,99.4,0.109,8.74,1,0,1,70.0,Anterior,1,0,0,1,1
64,1,29.2,0,1,1,0,133,88,85,153.0,79.8,49.1,210.3,120.2,0.05,4.15,0,0,0,40.3,None,0,0,0,0,0
76,0,36.1,0,1,1,0,157,93,49,246.8,119.5,63.8,154.7,133.0,0.056,3.2,0,0,0,50.3,None,0,0,1,1,1
62,1,26.2,0,0,0,0,125,86,61,283.0,166.8,41.9,134.4,73.9,0.567,23.23,1,0,0,61.0,Septal,1,0,0,1,1
45,0,29.1,0,0,0,0,135,83,75,202.5,99.6,44.8,187.3,94.2,1.561,12.62,1,0,0,67.2,Inferior,0,0,0,0,0
63,0,25.5,0,0,1,0,137,81,77,162.5,95.1,52.5,102.4,83.2,0.08,2.56,0,0,1,69.1,None,0,1,0,1,1
71,0,23.9,0,0,1,0,153,93,63,199.2,120.0,25.3,95.5,110.4,0.058,4.23,0,0,1,51.9,None,0,0,0,0,0
52,0,25.1,1,0,1,0,143,89,77,111.5,83.7,44.3,178.7,108.5,0.073,9.66,1,1,1,62.2,Septal,0,0,0,0,0
57,1,25.6,1,0,1,1,137,87,66,203.4,99.4,49.8,163.5,76.5,0.028,4.67,0,0,0,70.0,None,0,0,0,0,0
58,1,29.5,0,0,1,0,136,79,70,239.5,157.3,33.6,174.3,95.0,0.16,7.53,0,1,1,57.5,Anterior,1,0,0,1,1
50,1,38.6,0,0,1,1,121,81,86,203.5,123.6,27.7,183.0,107.8,0.719,5.41,0,1,0,49.5,Inferior,0,1,0,1,1
65,1,24.5,0,0,1,0,145,86,84,193.1,131.3,38.1,168.2,91.5,0.089,2.9,0,0,1,54.9,None,0,0,1,1,1
57,1,25.9,1,0,0,0,121,102,62,227.2,129.8,39.4,198.4,80.4,0.039,4.52,0,0,0,47.6,None,0,0,0,0,0
62,1,27.5,0,0,1,0,128,89,61,230.4,118.3,30.9,170.4,73.2,0.029,2.89,0,0,0,61.0,None,0,0,0,0,0
49,0,29.6,0,0,0,0,139,71,69,135.3,62.9,65.0,60.0,112.1,0.138,5.34,1,0,0,66.5,Septal,0,0,0,0,0
53,1,29.0,1,0,1,1,116,77,73,208.7,105.8,35.2,68.9,113.1,0.1,6.24,0,0,0,57.0,Anterior,0,0,0,0,0
66,1,33.7,0,0,1,1,130,81,66,307.3,191.5,28.5,271.0,90.8,0.696,12.91,1,1,1,40.0,Lateral,0,1,1,1,1
54,0,18.5,0,0,1,1,153,107,86,148.9,111.5,43.1,165.0,110.3,0.058,20.88,1,1,0,66.2,Anterior,0,0,0,0,0
76,1,18.5,0,1,1,0,142,82,78,201.4,112.4,49.1,247.3,80.7,0.636,7.74,0,1,0,32.8,Septal,1,0,1,1,1
54,1,25.5,1,1,0,0,121,87,78,286.6,181.4,40.2,176.0,166.6,1.563,5.05,1,1,1,39.6,Septal,1,0,0,1,1
60,0,32.8,1,1,0,0,126,74,58,251.4,128.0,48.9,191.8,136.9,0.895,4.29,1,0,0,50.6,Anterior,1,0,0,1,1
68,0,20.6,1,0,0,1,124,80,88,183.4,112.7,35.3,140.1,97.8,0.025,5.62,0,0,0,55.0,None,0,0,0,0,0
43,0,18.5,0,0,1,0,112,93,48,213.7,138.2,58.9,300.6,88.6,0.098,6.88,0,1,0,61.4,Inferior,0,0,1,1,1
40,1,30.4,0,0,1,0,131,80,84,204.9,101.2,45.6,178.9,122.9,0.725,7.42,0,1,1,57.5,Inferior,0,0,1,1,1
42,0,28.9,1,0,1,0,162,79,85,173.6,101.1,54.5,135.6,73.8,0.14,8.87,0,0,0,70.0,Anterior,0,0,0,0,0
71,1,22.8,1,0,0,0,111,94,68,201.9,131.9,43.7,74.2,124.5,0.476,9.72,0,0,1,53.5,Lateral,0,0,0,0,0
52,1,23.3,0,0,0,1,116,87,89,193.2,71.9,48.2,273.6,102.9,0.038,4.57,0,0,0,66.3,None,0,0,0,0,0
85,0,23.3,1,1,1,0,128,93,73,209.7,145.9,35.3,186.0,152.5,0.04,5.03,0,0,0,53.3,None,1,0,0,1,1
52,0,28.3,0,0,0,0,120,85,74,173.6,109.5,39.1,205.9,88.4,0.077,6.85,0,1,0,47.7,Inferior,0,0,0,0,0
60,1,24.9,0,1,1,0,127,90,78,151.4,101.6,53.5,242.1,113.8,0.035,6.38,0,0,1,50.6,None,1,0,0,1,1
74,1,30.1,1,1,1,1,144,106,112,203.3,115.8,55.6,169.5,158.6,0.496,9.27,0,0,0,64.0,Anterior,1,0,1,1,1
79,0,18.5,0,0,1,0,140,86,90,277.0,140.4,32.5,202.0,101.2,0.313,19.87,0,1,1,49.0,Apical,0,0,0,0,0
80,0,23.9,1,1,0,1,134,83,82,208.5,133.1,46.5,161.8,167.2,0.292,5.95,0,0,0,41.6,Inferior,0,0,0,0,0
71,1,22.6,0,0,1,0,120,71,63,191.1,113.4,35.7,110.5,91.1,0.177,7.93,0,0,0,54.4,Septal,0,0,0,0,0
69,0,26.6,0,1,0,1,116,69,75,236.7,142.5,37.0,259.0,131.6,0.794,3.84,1,1,1,43.3,Inferior,1,1,1,1,1
64,1,25.3,1,0,1,1,133,73,64,198.4,135.4,42.8,156.3,122.8,0.124,8.23,0,1,1,51.7,Inferior,0,0,1,1,1
